Month Created,Date Created,Time Created,Syncing Date,Latitude,Longitude,ParentCode,AnswerCode,RegionName,ProjectName,UserName,FormName,SpeciesName,WardLocation,GpsDeleted,region,cause,dimensions,severity,status,vet score,owner score,vet initials,lesion photo,comments
Oct,03/10/2016,2:26 PM,26/04/2017 15:12,12.313077,78.28499713,,D-031016142655-86-19,Nilgiris,ITC Donkey Clinics,EmmaRayner,Donkey lesion form,Donkey,krishnagiri,No,7 legs,restraint,2x2,alopecia,scar,1 minor,1 minor,a,,
Oct,03/10/2016,2:46 PM,26/04/2017 15:12,12.31545864,78.28512423,,D-031016144622-86-20,Nilgiris,ITC Donkey Clinics,EmmaRayner,Donkey lesion form,Donkey,krishnagiri,No,6 hindquarters,mutilation(branding),20x1,mutilation,scar,1 minor,1 minor,a,parentAnimalId_animalId_1475486223311.jpg,
Oct,03/10/2016,2:59 PM,26/04/2017 15:12,12.31552102,78.28515536,,D-031016145951-86-21,Nilgiris,ITC Donkey Clinics,EmmaRayner,Donkey lesion form,Donkey,krishnagiri,No,2 head,mutilation(ear split),4,mutilation,scar,1 minor,1 minor,a,parentAnimalId_animalId_1475487049889.jpg,
Oct,03/10/2016,3:27 PM,26/04/2017 15:12,12.44963388,78.20419173,,D-031016152700-86-32,Nilgiris,ITC Donkey Clinics,EmmaRayner,Donkey lesion form,Donkey,krishnagiri,No,3 neck,bite,5,alopecia,scar,1 minor,1 minor,a,parentAnimalId_animalId_1475488653866.jpg,
Oct,03/10/2016,3:34 PM,26/04/2017 15:12,12.44968558,78.20422348,,D-031016153431-86-33,Nilgiris,ITC Donkey Clinics,EmmaRayner,Donkey lesion form,Donkey,krishnagiri,No,7 legs,restraint,4,superficial,granulation,1 minor,1 minor,a,parentAnimalId_animalId_1475489169667.jpg,
Oct,03/10/2016,3:40 PM,26/04/2017 15:12,12.32220069,78.28091259,,D-031016154013-86-22,Nilgiris,ITC Donkey Clinics,EmmaRayner,Donkey lesion form,Donkey,krishnagiri,No,6 hindquarters,bite,6x5,superficial,bleeding,3 concerning,3 concerning,a,parentAnimalId_animalId_1475489460352.jpg,
Oct,03/10/2016,3:41 PM,26/04/2017 15:12,12.3359656,78.27256841,,D-031016154147-86-23,Nilgiris,ITC Donkey Clinics,EmmaRayner,Donkey lesion form,Donkey,krishnagiri,No,5 midsection,bite,3x4,superficial,bleeding,2 slight concern,1 minor,a,parentAnimalId_animalId_1475491123862.jpg,
Oct,03/10/2016,3:42 PM,26/04/2017 15:12,12.44972022,78.20415404,,D-031016154240-86-34,Nilgiris,ITC Donkey Clinics,EmmaRayner,Donkey lesion form,Donkey,krishnagiri,No,6 hindquarters,mutilation(branding),3,mutilation,scar,1 minor,1 minor,a,parentAnimalId_animalId_1475489590140.jpg,
Oct,03/10/2016,3:55 PM,26/04/2017 15:12,12.44975442,78.20426626,,D-031016155531-86-35,Nilgiris,ITC Donkey Clinics,EmmaRayner,Donkey lesion form,Donkey,krishnagiri,No,2 head,bite,3,superficial,granulation,1 minor,1 minor,a,parentAnimalId_animalId_1475490393817.jpg,
Oct,03/10/2016,3:57 PM,26/04/2017 15:12,12.44980847,78.20429847,,D-031016155745-86-36,Nilgiris,ITC Donkey Clinics,EmmaRayner,Donkey lesion form,Donkey,krishnagiri,No,6 hindquarters,restraint,5,deep,bleeding,3 concerning,2 slight concern,a,parentAnimalId_animalId_1475490521880.jpg,
Oct,03/10/2016,3:58 PM,26/04/2017 15:12,12.44980847,78.20429847,,D-031016155844-86-37,Nilgiris,ITC Donkey Clinics,EmmaRayner,Donkey lesion form,Donkey,krishnagiri,No,2 head,mutilation(ear split),5,mutilation,scar,1 minor,1 minor,a,parentAnimalId_animalId_1475490569697.jpg,
Oct,03/10/2016,4:00 PM,26/04/2017 15:12,12.44977555,78.20427792,,D-031016160027-86-38,Nilgiris,ITC Donkey Clinics,EmmaRayner,Donkey lesion form,Donkey,krishnagiri,No,5 midsection,bite,2,alopecia,scar,1 minor,1 minor,a,parentAnimalId_animalId_1475490665412.jpg,
Oct,03/10/2016,4:01 PM,26/04/2017 15:12,12.44977555,78.20427792,,D-031016160107-86-39,Nilgiris,ITC Donkey Clinics,EmmaRayner,Donkey lesion form,Donkey,krishnagiri,No,7 legs,mutilation(branding),5,mutilation,scar,1 minor,1 minor,a,parentAnimalId_animalId_1475490694486.jpg,
Oct,03/10/2016,4:02 PM,26/04/2017 15:12,12.44978224,78.20435371,,D-031016160228-86-40,Nilgiris,ITC Donkey Clinics,EmmaRayner,Donkey lesion form,Donkey,krishnagiri,No,5 midsection,bite,5,alopecia,scar,1 minor,1 minor,a,parentAnimalId_animalId_1475490841526.jpg,
Oct,03/10/2016,4:05 PM,26/04/2017 15:12,12.44970421,78.20414387,,D-031016160554-86-41,Nilgiris,ITC Donkey Clinics,EmmaRayner,Donkey lesion form,Donkey,krishnagiri,No,6 hindquarters,harness,4,alopecia,scar,1 minor,2 slight concern,a,parentAnimalId_animalId_1475490989414.jpg,
Oct,03/10/2016,4:06 PM,26/04/2017 15:12,12.44970421,78.20414387,,D-031016160633-86-42,Nilgiris,ITC Donkey Clinics,EmmaRayner,Donkey lesion form,Donkey,krishnagiri,No,6 hindquarters,restraint,5,superficial,granulation,1 minor,2 slight concern,a,parentAnimalId_animalId_1475491032314.jpg,
Oct,03/10/2016,4:08 PM,26/04/2017 15:12,12.44970672,78.2041609,,D-031016160830-86-43,Nilgiris,ITC Donkey Clinics,EmmaRayner,Donkey lesion form,Donkey,krishnagiri,No,6 hindquarters,restraint,4,superficial,granulation,1 minor,2 slight concern,a,parentAnimalId_animalId_1475491144253.jpg,
Oct,03/10/2016,4:13 PM,26/04/2017 15:12,12.44968104,78.20420978,,D-031016161302-86-44,Nilgiris,ITC Donkey Clinics,EmmaRayner,Donkey lesion form,Donkey,krishnagiri,No,4 shoulder,mutilation(branding),7,mutilation,scar,1 minor,1 minor,a,parentAnimalId_animalId_1475491420099.jpg,
Oct,03/10/2016,4:42 PM,26/04/2017 15:12,12.35459269,78.26471907,,D-031016164219-86-24,Nilgiris,ITC Donkey Clinics,EmmaRayner,Donkey lesion form,Donkey,krishnagiri,No,7 legs,restraint,8x1,superficial,exudative,2 slight concern,1 minor,a,parentAnimalId_animalId_1475493244711.jpg,
Oct,03/10/2016,4:48 PM,26/04/2017 15:12,12.35432665,78.26482786,,D-031016164847-86-25,Nilgiris,ITC Donkey Clinics,EmmaRayner,Donkey lesion form,Donkey,krishnagiri,No,7 legs,restraint,5x2,superficial,scar,1 minor,1 minor,a,,
Oct,03/10/2016,4:50 PM,26/04/2017 15:12,12.35430661,78.26485707,,D-031016165032-86-26,Nilgiris,ITC Donkey Clinics,EmmaRayner,Donkey lesion form,Donkey,krishnagiri,No,7 legs,restraint,4x1,superficial,exudative,2 slight concern,1 minor,A,parentAnimalId_animalId_1475493750879.jpg,
Oct,03/10/2016,4:53 PM,26/04/2017 15:12,12.3542672,78.26498187,,D-031016165336-86-27,Nilgiris,ITC Donkey Clinics,EmmaRayner,Donkey lesion form,Donkey,krishnagiri,No,7 legs,restraint,2x2,superficial,exudative,1 minor,1 minor,a,,
Oct,03/10/2016,5:04 PM,26/04/2017 15:12,12.4612149,78.20698761,,D-031016170447-86-45,Nilgiris,ITC Donkey Clinics,EmmaRayner,Donkey lesion form,Donkey,krishnagiri,No,7 legs,restraint,5,superficial,granulation,1 minor,1 minor,a,parentAnimalId_animalId_1475494519949.jpg,
Oct,03/10/2016,5:06 PM,26/04/2017 15:12,12.46113045,78.20702138,,D-031016170659-86-46,Nilgiris,ITC Donkey Clinics,EmmaRayner,Donkey lesion form,Donkey,krishnagiri,No,6 hindquarters,restraint,4,superficial,granulation,1 minor,1 minor,a,,
Oct,03/10/2016,5:21 PM,26/04/2017 15:12,12.35456892,78.26477191,,D-031016172109-86-28,Nilgiris,ITC Donkey Clinics,EmmaRayner,Donkey lesion form,Donkey,krishnagiri,No,7 legs,restraint,4x1,alopecia,scar,1 minor,1 minor,a,parentAnimalId_animalId_1475495515285.jpg,
Oct,03/10/2016,5:25 PM,26/04/2017 15:12,12.35553588,78.2666416,,D-031016172521-86-29,Nilgiris,ITC Donkey Clinics,EmmaRayner,Donkey lesion form,Donkey,krishnagiri,No,1 muzzle,mutilation(nose split),4,mutilation,scar,1 minor,1 minor,a,parentAnimalId_animalId_1475495754497.jpg,
Oct,03/10/2016,5:27 PM,26/04/2017 15:12,12.35564325,78.26679845,,D-031016172702-86-30,Nilgiris,ITC Donkey Clinics,EmmaRayner,Donkey lesion form,Donkey,krishnagiri,No,7 legs,restraint,6,alopecia,scar,1 minor,1 minor,a ,parentAnimalId_animalId_1475495883538.jpg,
Oct,03/10/2016,5:29 PM,26/04/2017 15:12,12.45579382,78.21247357,,D-031016172923-86-47,Nilgiris,ITC Donkey Clinics,EmmaRayner,Donkey lesion form,Donkey,krishnagiri,No,6 hindquarters,restraint,2,superficial,granulation,1 minor,1 minor,a,parentAnimalId_animalId_1475495996846.jpg,
Oct,03/10/2016,5:33 PM,26/04/2017 15:12,12.45581696,78.21247234,,D-031016173320-86-48,Nilgiris,ITC Donkey Clinics,EmmaRayner,Donkey lesion form,Donkey,krishnagiri,No,6 hindquarters,restraint,4,superficial,granulation,1 minor,1 minor,a,parentAnimalId_animalId_1475496615404.jpg,
Oct,03/10/2016,5:40 PM,26/04/2017 15:12,12.45581722,78.21246983,,D-031016174059-86-49,Nilgiris,ITC Donkey Clinics,EmmaRayner,Donkey lesion form,Donkey,krishnagiri,No,6 hindquarters,restraint,2,superficial,granulation,1 minor,1 minor,a,parentAnimalId_animalId_1475496687895.jpg,
Oct,03/10/2016,5:50 PM,26/04/2017 15:12,12.44963388,78.20419173,,D-031016175031-86-31,Nilgiris,ITC Donkey Clinics,EmmaRayner,Donkey lesion form,Donkey,krishnagiri,No,1 muzzle,mutilation(branding),3,mutilation,scar,1 minor,1 minor,a,parentAnimalId_animalId_1475488617137.jpg,
Apr,25/04/2017,7:58 AM,25/04/2017 06:31,11.3749928,76.7570594,,D-250417075831-86-1,Nilgiris,ITC Donkey Clinics,EmmaRayner,Donkey lesion form,Donkey,ooty,No,4 shoulder,bite,1.5cm,superficial,exudative,1 minor,1 minor,A,parentAnimalId_animalId_1493087401886.jpg,
Apr,25/04/2017,8:01 AM,25/04/2017 06:31,11.3749928,76.7570594,,D-250417080134-86-2,Nilgiris,ITC Donkey Clinics,EmmaRayner,Donkey lesion form,Donkey,ooty,No,7 legs,restraint,3cm,superficial,scar,1 minor,1 minor,A,parentAnimalId_animalId_1493087580109.jpg,
Apr,25/04/2017,8:08 AM,25/04/2017 06:31,11.3749928,76.7570594,,D-250417080835-86-3,Nilgiris,ITC Donkey Clinics,EmmaRayner,Donkey lesion form,Donkey,ooty,No,5 midsection,bite,2,alopecia,scar,1 minor,1 minor,a,parentAnimalId_animalId_1493088002151.jpg,
Apr,25/04/2017,8:14 AM,25/04/2017 06:31,11.3749928,76.7570594,,D-250417081403-86-4,Nilgiris,ITC Donkey Clinics,EmmaRayner,Donkey lesion form,Donkey,ooty,No,6 hindquarters,harness,5,superficial,bleeding,2 slight concern,3 concerning,A,parentAnimalId_animalId_1493088358570.jpg,
Apr,25/04/2017,8:19 AM,25/04/2017 06:31,11.3749928,76.7570594,,D-250417081956-86-5,Nilgiris,ITC Donkey Clinics,EmmaRayner,Donkey lesion form,Donkey,ooty,No,1 muzzle,mutilation(nose split),3,mutilation,scar,1 minor,1 minor,a,parentAnimalId_animalId_1493088704626.jpg,
Apr,25/04/2017,8:25 AM,25/04/2017 06:31,11.3749928,76.7570594,,D-250417082519-86-6,Nilgiris,ITC Donkey Clinics,EmmaRayner,Donkey lesion form,Donkey,ooty,No,1 muzzle,mutilation(ear split),3,mutilation,scar,1 minor,1 minor,A,parentAnimalId_animalId_1493088993589.jpg,
Apr,25/04/2017,8:26 AM,25/04/2017 06:31,11.3749928,76.7570594,,D-250417082636-86-7,Nilgiris,ITC Donkey Clinics,EmmaRayner,Donkey lesion form,Donkey,ooty,No,1 muzzle,mutilation(nose split),5,mutilation,scar,1 minor,1 minor,a,parentAnimalId_animalId_1493089037357.jpg,
Apr,25/04/2017,8:29 AM,25/04/2017 06:31,11.3749928,76.7570594,,D-250417082956-86-8,Nilgiris,ITC Donkey Clinics,EmmaRayner,Donkey lesion form,Donkey,ooty,No,1 muzzle,mutilation(nose split),5,mutilation,scar,1 minor,1 minor,a,parentAnimalId_animalId_1493089236516.jpg,
Apr,25/04/2017,8:30 AM,25/04/2017 06:31,11.3749928,76.7570594,,D-250417083043-86-9,Nilgiris,ITC Donkey Clinics,EmmaRayner,Donkey lesion form,Donkey,ooty,No,2 head,mutilation(nose split),5,mutilation,scar,1 minor,1 minor,a,parentAnimalId_animalId_1493089359683.jpg,
Apr,25/04/2017,8:32 AM,25/04/2017 06:31,11.3749928,76.7570594,,D-250417083246-86-10,Nilgiris,ITC Donkey Clinics,EmmaRayner,Donkey lesion form,Donkey,ooty,No,5 midsection,other(reaction to wet blanket),30x30cm,alopecia,scar,1 minor,1 minor,a,parentAnimalId_animalId_1493089448904.jpg,
Apr,25/04/2017,8:42 AM,25/04/2017 06:31,11.3749928,76.7570594,,D-250417084216-86-11,Nilgiris,ITC Donkey Clinics,EmmaRayner,Donkey lesion form,Donkey,ooty,No,1 muzzle,mutilation(nose split),4,mutilation,scar,1 minor,1 minor,a,parentAnimalId_animalId_1493089967750.jpg,
Apr,25/04/2017,8:42 AM,25/04/2017 06:31,11.3749928,76.7570594,,D-250417084250-86-12,Nilgiris,ITC Donkey Clinics,EmmaRayner,Donkey lesion form,Donkey,ooty,No,2 head,mutilation(ear split),5,mutilation,exudative,1 minor,1 minor,a,parentAnimalId_animalId_1493090026192.jpg,
Apr,25/04/2017,8:43 AM,25/04/2017 06:31,11.3749928,76.7570594,,D-250417084348-86-13,Nilgiris,ITC Donkey Clinics,EmmaRayner,Donkey lesion form,Donkey,ooty,No,5 midsection,bite,1,superficial,granulation,1 minor,1 minor,a,parentAnimalId_animalId_1493090079430.jpg,
Apr,25/04/2017,8:52 AM,25/04/2017 06:31,11.3749928,76.7570594,,D-250417085245-86-14,Nilgiris,ITC Donkey Clinics,EmmaRayner,Donkey lesion form,Donkey,ooty,No,5 midsection,other(gunny bag),30x20,alopecia,scar,1 minor,1 minor,a,parentAnimalId_animalId_1493090609616.jpg,
Apr,25/04/2017,9:01 AM,25/04/2017 06:31,11.3749928,76.7570594,,D-250417090122-86-15,Nilgiris,ITC Donkey Clinics,EmmaRayner,Donkey lesion form,Donkey,ooty,No,1 muzzle,mutilation(nose split),4,mutilation,scar,1 minor,1 minor,a,,
Apr,25/04/2017,9:04 AM,26/04/2017 15:12,11.3749928,76.7570594,,D-250417090447-86-16,Nilgiris,ITC Donkey Clinics,EmmaRayner,Donkey lesion form,Donkey,ooty,No,1 muzzle,mutilation(nose split),4,mutilation,scar,1 minor,1 minor,a,,
Apr,25/04/2017,9:05 AM,25/04/2017 06:31,11.3749928,76.7570594,,D-250417090515-86-17,Nilgiris,ITC Donkey Clinics,EmmaRayner,Donkey lesion form,Donkey,ooty,No,1 muzzle,mutilation(nose split),4,mutilation,scar,1 minor,1 minor,a,,
Apr,25/04/2017,10:28 AM,26/04/2017 15:12,12.31308417,78.28511727,,D-250417102824-86-18,Nilgiris,ITC Donkey Clinics,EmmaRayner,Donkey lesion form,Donkey,krishnagiri,No,7 legs,restraint,2x2,alopecia,scar,1 minor,1 minor,a,parentAnimalId_animalId_1475484554211.jpg,
Apr,27/04/2017,10:15 AM,27/04/2017 17:36,12.28911558,78.03428145,,D-270417101515-86-50,Nilgiris,ITC Donkey Clinics,EmmaRayner,Donkey lesion form,Donkey,krishnagiri,No,7 legs,restraint,4,superficial,granulation,1 minor,1 minor,a,,
Apr,27/04/2017,10:19 AM,27/04/2017 17:36,12.28911618,78.03445602,,D-270417101939-86-51,Nilgiris,ITC Donkey Clinics,EmmaRayner,Donkey lesion form,Donkey,krishnagiri,No,6 hindquarters,bite,6,superficial,bleeding,3 concerning,2 slight concern,a,parentAnimalId_animalId_1493268624399.jpg,
Apr,27/04/2017,10:20 AM,27/04/2017 17:36,12.28911618,78.03445602,,D-270417102028-86-52,Nilgiris,ITC Donkey Clinics,EmmaRayner,Donkey lesion form,Donkey,krishnagiri,No,7 legs,restraint,3,superficial,granulation,1 minor,1 minor,a,,
Apr,27/04/2017,10:22 AM,27/04/2017 17:36,12.28917872,78.03447285,,D-270417102216-86-53,Nilgiris,ITC Donkey Clinics,EmmaRayner,Donkey lesion form,Donkey,krishnagiri,No,4 shoulder,mutilation(branding),15x20,mutilation,scar,1 minor,1 minor,a,parentAnimalId_animalId_1493268894249.jpg,
Apr,27/04/2017,10:26 AM,27/04/2017 17:36,12.28917872,78.03447285,,D-270417102652-86-54,Nilgiris,ITC Donkey Clinics,EmmaRayner,Donkey lesion form,Donkey,krishnagiri,No,7 legs,restraint,3,superficial,granulation,1 minor,1 minor,a,,
Apr,27/04/2017,10:42 AM,27/04/2017 17:36,12.28892247,78.03410003,,D-270417104235-86-55,Nilgiris,ITC Donkey Clinics,EmmaRayner,Donkey lesion form,Donkey,krishnagiri,No,5 midsection,harness,3,superficial,granulation,2 slight concern,1 minor,a,parentAnimalId_animalId_1493269995180.jpg,
Apr,27/04/2017,10:45 AM,27/04/2017 17:36,12.28892206,78.03409603,,D-270417104515-86-56,Nilgiris,ITC Donkey Clinics,EmmaRayner,Donkey lesion form,Donkey,krishnagiri,No,7 legs,restraint,4,superficial,exudative,2 slight concern,1 minor,a,parentAnimalId_animalId_1493270182036.jpg,
Apr,27/04/2017,10:49 AM,27/04/2017 17:36,12.28890963,78.03409058,,D-270417104911-86-57,Nilgiris,ITC Donkey Clinics,EmmaRayner,Donkey lesion form,Donkey,krishnagiri,No,4 shoulder,mutilation(branding),30,mutilation,scar,1 minor,1 minor,a,parentAnimalId_animalId_1493270388974.jpg,
Apr,27/04/2017,10:49 AM,27/04/2017 17:36,12.28890963,78.03409058,,D-270417104951-86-58,Nilgiris,ITC Donkey Clinics,EmmaRayner,Donkey lesion form,Donkey,krishnagiri,No,7 legs,restraint,6,superficial,granulation,1 minor,1 minor,a,parentAnimalId_animalId_1493270427207.jpg,
Apr,27/04/2017,10:50 AM,27/04/2017 17:36,12.28890963,78.03409058,,D-270417105030-86-59,Nilgiris,ITC Donkey Clinics,EmmaRayner,Donkey lesion form,Donkey,krishnagiri,No,5 midsection,bite,10,superficial,granulation,1 minor,1 minor,a,parentAnimalId_animalId_1493270468340.jpg,
Apr,27/04/2017,10:51 AM,27/04/2017 17:36,12.28890963,78.03409058,,D-270417105110-86-60,Nilgiris,ITC Donkey Clinics,EmmaRayner,Donkey lesion form,Donkey,krishnagiri,No,5 midsection,harness,7,superficial,granulation,1 minor,1 minor,a,parentAnimalId_animalId_1493270501353.jpg,
Apr,27/04/2017,11:39 AM,27/04/2017 17:36,12.30110779,77.98563952,,D-270417113954-86-61,Nilgiris,ITC Donkey Clinics,EmmaRayner,Donkey lesion form,Donkey,krishnagiri,No,7 legs,restraint,5,superficial,scar,1 minor,2 slight concern,a,,
Apr,27/04/2017,11:43 AM,27/04/2017 17:36,12.30176783,77.98279848,,D-270417114312-86-62,Nilgiris,ITC Donkey Clinics,EmmaRayner,Donkey lesion form,Donkey,krishnagiri,No,6 hindquarters,restraint,5,alopecia,scar,1 minor,2 slight concern,a,,
Apr,27/04/2017,12:56 PM,27/04/2017 17:36,12.3140088,77.94491808,,D-270417125625-86-63,Nilgiris,ITC Donkey Clinics,EmmaRayner,Donkey lesion form,Donkey,krishnagiri,No,6 hindquarters,restraint,4,superficial,granulation,1 minor,1 minor,a,,
Apr,27/04/2017,1:04 PM,27/04/2017 17:36,12.28869458,78.03418791,,D-270417130430-86-64,Nilgiris,ITC Donkey Clinics,EmmaRayner,Donkey lesion form,Donkey,krishnagiri,No,5 midsection,harness,4,superficial,bleeding,1 minor,1 minor,a,parentAnimalId_animalId_1493283781263.jpg,
Apr,27/04/2017,2:41 PM,27/04/2017 17:36,12.28886416,78.0341112,,D-270417144106-86-65,Nilgiris,ITC Donkey Clinics,EmmaRayner,Donkey lesion form,Donkey,krishnagiri,No,7 legs,restraint,5,superficial,granulation,1 minor,1 minor,a,parentAnimalId_animalId_1493284311004.jpg,
Apr,27/04/2017,2:43 PM,27/04/2017 17:36,12.28881316,78.03408548,,D-270417144333-86-66,Nilgiris,ITC Donkey Clinics,EmmaRayner,Donkey lesion form,Donkey,krishnagiri,No,5 midsection,harness,5,alopecia,scar,1 minor,1 minor,a,parentAnimalId_animalId_1493284463092.jpg,
Apr,27/04/2017,2:45 PM,27/04/2017 17:36,12.28885201,78.0340746,,D-270417144523-86-67,Nilgiris,ITC Donkey Clinics,EmmaRayner,Donkey lesion form,Donkey,krishnagiri,No,7 legs,restraint,4,superficial,granulation,1 minor,1 minor,a,,
Apr,27/04/2017,3:11 PM,27/04/2017 17:36,12.28884657,78.03410394,,D-270417151134-86-68,Nilgiris,ITC Donkey Clinics,EmmaRayner,Donkey lesion form,Donkey,krishnagiri,No,5 midsection,bite,1,alopecia,scar,1 minor,1 minor,a,parentAnimalId_animalId_1493286147859.jpg,
Apr,27/04/2017,3:13 PM,27/04/2017 17:36,12.28884175,78.03411589,,D-270417151317-86-69,Nilgiris,ITC Donkey Clinics,EmmaRayner,Donkey lesion form,Donkey,krishnagiri,No,3 neck,mutilation(branding),1,mutilation,scar,1 minor,1 minor,a,parentAnimalId_animalId_1493286279843.jpg,
Apr,27/04/2017,3:16 PM,27/04/2017 17:36,12.28884781,78.03412275,,D-270417151609-86-70,Nilgiris,ITC Donkey Clinics,EmmaRayner,Donkey lesion form,Donkey,krishnagiri,No,6 hindquarters,restraint,5,superficial,granulation,1 minor,2 slight concern,a,parentAnimalId_animalId_1493286401488.jpg,
Apr,27/04/2017,3:17 PM,27/04/2017 17:36,12.28883793,78.0341414,,D-270417151743-86-71,Nilgiris,ITC Donkey Clinics,EmmaRayner,Donkey lesion form,Donkey,krishnagiri,No,6 hindquarters,restraint,2,superficial,granulation,1 minor,2 slight concern,a,parentAnimalId_animalId_1493286493624.jpg,
Apr,27/04/2017,3:18 PM,27/04/2017 17:36,12.28883793,78.0341414,,D-270417151817-86-72,Nilgiris,ITC Donkey Clinics,EmmaRayner,Donkey lesion form,Donkey,krishnagiri,No,5 midsection,harness,4,alopecia,scar,1 minor,1 minor,a,parentAnimalId_animalId_1493286526994.jpg,
Apr,27/04/2017,3:19 PM,27/04/2017 17:36,12.28884201,78.03419384,,D-270417151934-86-73,Nilgiris,ITC Donkey Clinics,EmmaRayner,Donkey lesion form,Donkey,krishnagiri,No,4 shoulder,mutilation(branding),20,mutilation,scar,1 minor,1 minor,a,,
Apr,27/04/2017,3:22 PM,27/04/2017 17:36,12.2888701,78.03413132,,D-270417152207-86-74,Nilgiris,ITC Donkey Clinics,EmmaRayner,Donkey lesion form,Donkey,krishnagiri,No,6 hindquarters,restraint,3,superficial,bleeding,1 minor,1 minor,a,parentAnimalId_animalId_1493286895129.jpg,
Apr,27/04/2017,4:55 PM,27/04/2017 17:36,12.30226452,77.98240665,,D-270417165511-86-75,Nilgiris,ITC Donkey Clinics,EmmaRayner,Donkey lesion form,Donkey,krishnagiri,No,6 hindquarters,mutilation(branding),30,mutilation,scar,1 minor,1 minor,a,,
Apr,27/04/2017,5:21 PM,27/04/2017 17:36,12.25033206,78.00506438,,D-270417172135-86-76,Nilgiris,ITC Donkey Clinics,EmmaRayner,Donkey lesion form,Donkey,krishnagiri,No,6 hindquarters,restraint,4,superficial,granulation,1 minor,1 minor,a,parentAnimalId_animalId_1493293923534.jpg,
Apr,27/04/2017,5:22 PM,27/04/2017 17:36,12.25034718,78.00498935,,D-270417172247-86-77,Nilgiris,ITC Donkey Clinics,EmmaRayner,Donkey lesion form,Donkey,krishnagiri,No,7 legs,restraint,4,superficial,granulation,1 minor,1 minor,a,,
Apr,27/04/2017,5:23 PM,27/04/2017 17:36,12.25027938,78.00506207,,D-270417172355-86-78,Nilgiris,ITC Donkey Clinics,EmmaRayner,Donkey lesion form,Donkey,krishnagiri,No,4 shoulder,mutilation(branding),40,mutilation,scar,1 minor,1 minor,a,parentAnimalId_animalId_1493294063223.jpg,
Apr,27/04/2017,5:24 PM,27/04/2017 17:36,12.25027938,78.00506207,,D-270417172425-86-79,Nilgiris,ITC Donkey Clinics,EmmaRayner,Donkey lesion form,Donkey,krishnagiri,No,6 hindquarters,restraint,5,superficial,granulation,1 minor,1 minor,a,,
Apr,27/04/2017,5:25 PM,27/04/2017 17:36,12.25025548,78.00505183,,D-270417172557-86-80,Nilgiris,ITC Donkey Clinics,EmmaRayner,Donkey lesion form,Donkey,krishnagiri,No,6 hindquarters,restraint,3,superficial,granulation,1 minor,1 minor,a,,
Apr,27/04/2017,5:44 PM,27/04/2017 17:36,12.23095466,78.00870664,,D-270417174453-86-81,Nilgiris,ITC Donkey Clinics,EmmaRayner,Donkey lesion form,Donkey,krishnagiri,No,5 midsection,harness,5,superficial,exudative,3 concerning,2 slight concern,a,parentAnimalId_animalId_1493295346323.jpg,
Apr,27/04/2017,5:48 PM,27/04/2017 17:36,12.23073731,78.00854702,,D-270417174816-86-82,Nilgiris,ITC Donkey Clinics,EmmaRayner,Donkey lesion form,Donkey,krishnagiri,No,5 midsection,harness,5,superficial,exudative,2 slight concern,2 slight concern,a,,
Apr,27/04/2017,5:49 PM,27/04/2017 17:36,12.23087962,78.00878476,,D-270417174934-86-83,Nilgiris,ITC Donkey Clinics,EmmaRayner,Donkey lesion form,Donkey,krishnagiri,No,5 midsection,harness,5,superficial,granulation,1 minor,1 minor,a,,
Apr,27/04/2017,5:50 PM,27/04/2017 17:36,12.23089216,78.00876441,,D-270417175039-86-84,Nilgiris,ITC Donkey Clinics,EmmaRayner,Donkey lesion form,Donkey,krishnagiri,No,5 midsection,harness,5,superficial,granulation,2 slight concern,1 minor,a,,
Apr,27/04/2017,6:10 PM,27/04/2017 17:36,12.23082574,78.00879671,,D-270417181018-86-85,Nilgiris,ITC Donkey Clinics,EmmaRayner,Donkey lesion form,Donkey,krishnagiri,No,7 legs,restraint,5,superficial,granulation,1 minor,1 minor,a,,
Apr,27/04/2017,6:11 PM,27/04/2017 17:36,12.23085261,78.00879938,,D-270417181153-86-86,Nilgiris,ITC Donkey Clinics,EmmaRayner,Donkey lesion form,Donkey,krishnagiri,No,5 midsection,harness,5,alopecia,scar,1 minor,1 minor,a,parentAnimalId_animalId_1493296952567.jpg,
Apr,27/04/2017,6:12 PM,27/04/2017 17:36,12.23085261,78.00879938,,D-270417181235-86-87,Nilgiris,ITC Donkey Clinics,EmmaRayner,Donkey lesion form,Donkey,krishnagiri,No,4 shoulder,bite,4,superficial,granulation,1 minor,1 minor,a,,
Apr,27/04/2017,6:24 PM,27/04/2017 17:36,12.2386462,78.01065093,,D-270417182436-86-88,Nilgiris,ITC Donkey Clinics,EmmaRayner,Donkey lesion form,Donkey,krishnagiri,No,7 legs,restraint,3,superficial,granulation,1 minor,1 minor,a,,
Apr,27/04/2017,6:28 PM,27/04/2017 17:36,12.23889155,78.0107248,,D-270417182802-86-89,Nilgiris,ITC Donkey Clinics,EmmaRayner,Donkey lesion form,Donkey,krishnagiri,No,5 midsection,harness,5,alopecia,scar,1 minor,1 minor,a,parentAnimalId_animalId_1493297925475.jpg,
Apr,28/04/2017,11:27 AM,29/04/2017 04:24,12.51868731,78.03118614,,D-280417112732-86-90,Nilgiris,ITC Donkey Clinics,EmmaRayner,Donkey lesion form,Donkey,krishnagiri,No,4 shoulder,other(skin lesion),5,alopecia,scar,1 minor,1 minor,a,parentAnimalId_animalId_1493359120494.jpg,
May,23/05/2017,9:52 AM,03/06/2017 19:12,11.37496944,76.7568881,,D-230517095254-86-91,Nilgiris,ITC Donkey Clinics,EmmaRayner,Donkey lesion form,Donkey,,No,4 shoulder,mutilation(branding),5cm,mutilation,scar,1 minor,1 minor,a,,
Jun,01/06/2017,4:42 PM,03/06/2017 19:12,8.42606066,77.9704341,,D-010617164254-86-92,Nilgiris,ITC Donkey Clinics,EmmaRayner,Donkey lesion form,Donkey,tuticorin,No,6 hindquarters,mutilation(branding),30,mutilation,scar,1 minor,1 minor,a,,
Jun,01/06/2017,4:44 PM,03/06/2017 19:12,8.42602205,77.9704345,,D-010617164446-86-93,Nilgiris,ITC Donkey Clinics,EmmaRayner,Donkey lesion form,Donkey,tuticorin,No,6 hindquarters,mutilation(branding),10,mutilation,scar,1 minor,1 minor,a,,
Jun,01/06/2017,5:36 PM,03/06/2017 19:12,8.41964755,77.99781295,,D-010617173636-86-94,Nilgiris,ITC Donkey Clinics,EmmaRayner,Donkey lesion form,Donkey,tuticorin,No,4 shoulder,mutilation(branding),10,mutilation,scar,1 minor,1 minor,a,,
Jun,01/06/2017,5:38 PM,03/06/2017 19:12,8.41965282,77.99780817,,D-010617173811-86-95,Nilgiris,ITC Donkey Clinics,EmmaRayner,Donkey lesion form,Donkey,tuticorin,No,3 neck,bite,30,alopecia,granulation,2 slight concern,1 minor,a,parentAnimalId_animalId_1496318924619.jpg,
Jun,01/06/2017,5:39 PM,03/06/2017 19:12,8.41970009,77.99782917,,D-010617173930-86-96,Nilgiris,ITC Donkey Clinics,EmmaRayner,Donkey lesion form,Donkey,tuticorin,No,7 legs,restraint,6,deep,exudative,3 concerning,2 slight concern,a,parentAnimalId_animalId_1496319017744.jpg,
Jun,01/06/2017,9:25 PM,03/06/2017 19:12,8.50920391,78.11793111,,D-010617212549-86-97,Nilgiris,ITC Donkey Clinics,EmmaRayner,Donkey lesion form,Donkey,tuticorin,No,2 head,mutilation(nose split),4,mutilation,scar,1 minor,1 minor,a,,
Jun,01/06/2017,9:26 PM,03/06/2017 19:12,8.50920391,78.11793111,,D-010617212654-86-98,Nilgiris,ITC Donkey Clinics,EmmaRayner,Donkey lesion form,Donkey,tuticorin,No,2 head,mutilation(nose split),4,mutilation,scar,1 minor,1 minor,a,,
Jun,01/06/2017,9:29 PM,03/06/2017 19:12,8.50920391,78.11793111,,D-010617212904-86-99,Nilgiris,ITC Donkey Clinics,EmmaRayner,Donkey lesion form,Donkey,tuticorin,No,2 head,mutilation(ear split),5,mutilation,scar,1 minor,1 minor,a,,
Jun,01/06/2017,9:30 PM,03/06/2017 19:12,8.50920391,78.11793111,,D-010617213006-86-100,Nilgiris,ITC Donkey Clinics,EmmaRayner,Donkey lesion form,Donkey,tuticorin,No,2 head,mutilation(nose split),4,mutilation,scar,1 minor,1 minor,a,,
Jun,01/06/2017,9:31 PM,03/06/2017 19:12,8.50920391,78.11793111,,D-010617213150-86-101,Nilgiris,ITC Donkey Clinics,EmmaRayner,Donkey lesion form,Donkey,tuticorin,No,2 head,mutilation(nose split),4,mutilation,scar,1 minor,1 minor,a,,
Jun,01/06/2017,9:42 PM,03/06/2017 19:12,8.50920391,78.11793111,,D-010617214223-86-102,Nilgiris,ITC Donkey Clinics,EmmaRayner,Donkey lesion form,Donkey,tuticorin,No,2 head,mutilation(nose split),4,mutilation,scar,1 minor,1 minor,a,,
Jun,01/06/2017,9:42 PM,03/06/2017 19:12,8.50920391,78.11793111,,D-010617214244-86-103,Nilgiris,ITC Donkey Clinics,EmmaRayner,Donkey lesion form,Donkey,tuticorin,No,2 head,mutilation(ear split),5,mutilation,scar,1 minor,1 minor,a,,
Jun,01/06/2017,9:43 PM,03/06/2017 19:12,8.50920391,78.11793111,,D-010617214336-86-104,Nilgiris,ITC Donkey Clinics,EmmaRayner,Donkey lesion form,Donkey,tuticorin,No,2 head,mutilation(ear split),4,mutilation,scar,1 minor,1 minor,a,,
Jun,01/06/2017,10:12 PM,03/06/2017 19:12,8.51099046,78.11846232,,D-010617221244-86-105,Nilgiris,ITC Donkey Clinics,EmmaRayner,Donkey lesion form,Donkey,tuticorin,No,2 head,mutilation(ear split),5,mutilation,scar,1 minor,1 minor,a,,
Jun,01/06/2017,10:21 PM,03/06/2017 19:12,8.51099046,78.11846232,,D-010617222150-86-106,Nilgiris,ITC Donkey Clinics,EmmaRayner,Donkey lesion form,Donkey,tuticorin,No,2 head,mutilation(ear split),5,mutilation,scar,1 minor,1 minor,a,,
Jun,01/06/2017,10:25 PM,03/06/2017 19:12,8.51116989,78.11885945,,D-010617222558-86-107,Nilgiris,ITC Donkey Clinics,EmmaRayner,Donkey lesion form,Donkey,tuticorin,No,2 head,mutilation(ear split),3,mutilation,scar,1 minor,1 minor,a,,
Jun,01/06/2017,10:27 PM,03/06/2017 19:12,8.51117125,78.11888249,,D-010617222716-86-108,Nilgiris,ITC Donkey Clinics,EmmaRayner,Donkey lesion form,Donkey,tuticorin,No,2 head,mutilation(nose split),5,mutilation,scar,1 minor,1 minor,a,,
Jun,01/06/2017,10:30 PM,03/06/2017 19:12,8.51117125,78.11888249,,D-010617223010-86-109,Nilgiris,ITC Donkey Clinics,EmmaRayner,Donkey lesion form,Donkey,tuticorin,No,2 head,mutilation(nose split),4,mutilation,scar,1 minor,1 minor,a,,
Jun,01/06/2017,10:31 PM,03/06/2017 19:12,8.51117125,78.11888249,,D-010617223106-86-110,Nilgiris,ITC Donkey Clinics,EmmaRayner,Donkey lesion form,Donkey,tuticorin,No,2 head,mutilation(nose split),3,mutilation,scar,1 minor,1 minor,a,,
Jun,01/06/2017,10:50 PM,03/06/2017 19:12,8.51117125,78.11888249,,D-010617225012-86-111,Nilgiris,ITC Donkey Clinics,EmmaRayner,Donkey lesion form,Donkey,tuticorin,No,2 head,mutilation(ear split),5,mutilation,scar,1 minor,1 minor,a,,
Jun,01/06/2017,10:52 PM,03/06/2017 19:12,8.51117125,78.11888249,,D-010617225221-86-112,Nilgiris,ITC Donkey Clinics,EmmaRayner,Donkey lesion form,Donkey,tuticorin,No,2 head,mutilation(nose split),4,mutilation,scar,1 minor,1 minor,a,,
Jun,01/06/2017,10:55 PM,03/06/2017 19:12,8.51117125,78.11888249,,D-010617225557-86-113,Nilgiris,ITC Donkey Clinics,EmmaRayner,Donkey lesion form,Donkey,tuticorin,No,2 head,mutilation(ear split),3,mutilation,scar,1 minor,1 minor,a,,
Jun,01/06/2017,10:57 PM,03/06/2017 19:12,8.51117125,78.11888249,,D-010617225709-86-114,Nilgiris,ITC Donkey Clinics,EmmaRayner,Donkey lesion form,Donkey,tuticorin,No,2 head,mutilation(nose split),3,mutilation,scar,1 minor,1 minor,a,,
Jun,01/06/2017,10:59 PM,03/06/2017 19:12,8.51117125,78.11888249,,D-010617225953-86-115,Nilgiris,ITC Donkey Clinics,EmmaRayner,Donkey lesion form,Donkey,tuticorin,No,2 head,mutilation(ear split),5,mutilation,scar,1 minor,1 minor,a,,
Jun,01/06/2017,11:05 PM,03/06/2017 19:12,8.51117125,78.11888249,,D-010617230551-86-116,Nilgiris,ITC Donkey Clinics,EmmaRayner,Donkey lesion form,Donkey,tuticorin,No,2 head,mutilation(nose split),6,mutilation,scar,1 minor,1 minor,a,,
Jun,01/06/2017,11:06 PM,03/06/2017 19:12,8.51117125,78.11888249,,D-010617230651-86-117,Nilgiris,ITC Donkey Clinics,EmmaRayner,Donkey lesion form,Donkey,tuticorin,No,2 head,mutilation(nose split),3,mutilation,scar,1 minor,1 minor,a,,
Jun,02/06/2017,10:44 AM,03/06/2017 19:12,8.4084259,77.97363063,,D-020617104454-86-118,Nilgiris,ITC Donkey Clinics,EmmaRayner,Donkey lesion form,Donkey,tuticorin,No,2 head,mutilation(nose split),3,mutilation,scar,1 minor,1 minor,a,,
Jun,02/06/2017,10:45 AM,03/06/2017 19:12,8.4084259,77.97363063,,D-020617104541-86-119,Nilgiris,ITC Donkey Clinics,EmmaRayner,Donkey lesion form,Donkey,tuticorin,No,2 head,mutilation(ear split),5,mutilation,scar,1 minor,1 minor,a,,
Jun,02/06/2017,10:46 AM,03/06/2017 19:12,8.40840327,77.97369242,,D-020617104628-86-120,Nilgiris,ITC Donkey Clinics,EmmaRayner,Donkey lesion form,Donkey,tuticorin,No,2 head,mutilation(nose split),4,mutilation,scar,1 minor,1 minor,a,,
Jun,02/06/2017,10:46 AM,03/06/2017 19:12,8.40840327,77.97369242,,D-020617104646-86-121,Nilgiris,ITC Donkey Clinics,EmmaRayner,Donkey lesion form,Donkey,tuticorin,No,2 head,mutilation(ear split),5,mutilation,scar,1 minor,1 minor,a,,
Jun,02/06/2017,10:47 AM,03/06/2017 19:12,8.40840384,77.97368107,,D-020617104735-86-122,Nilgiris,ITC Donkey Clinics,EmmaRayner,Donkey lesion form,Donkey,tuticorin,No,2 head,mutilation(nose split),4,mutilation,scar,1 minor,1 minor,a,,
Jun,02/06/2017,10:47 AM,03/06/2017 19:12,8.40840384,77.97368107,,D-020617104752-86-123,Nilgiris,ITC Donkey Clinics,EmmaRayner,Donkey lesion form,Donkey,tuticorin,No,2 head,mutilation(ear split),6,mutilation,scar,1 minor,1 minor,a,,
Jun,02/06/2017,10:49 AM,03/06/2017 19:12,8.40840409,77.97368182,,D-020617104920-86-124,Nilgiris,ITC Donkey Clinics,EmmaRayner,Donkey lesion form,Donkey,tuticorin,No,2 head,mutilation(ear split),6,mutilation,scar,1 minor,1 minor,a,,
Jun,02/06/2017,10:49 AM,03/06/2017 19:12,8.40841072,77.97368295,,D-020617104938-86-125,Nilgiris,ITC Donkey Clinics,EmmaRayner,Donkey lesion form,Donkey,tuticorin,No,2 head,mutilation(ear split),6,mutilation,scar,1 minor,1 minor,a,,
Jun,02/06/2017,10:50 AM,03/06/2017 19:12,8.40840913,77.97368315,,D-020617105034-86-126,Nilgiris,ITC Donkey Clinics,EmmaRayner,Donkey lesion form,Donkey,tuticorin,No,2 head,mutilation(ear split),6,mutilation,scar,1 minor,1 minor,a,,
Jun,02/06/2017,4:10 PM,03/06/2017 19:12,8.62955139,77.91891657,,D-020617161051-86-127,Nilgiris,ITC Donkey Clinics,EmmaRayner,Donkey lesion form,Donkey,tuticorin,No,3 neck,bite,4,alopecia,scar,1 minor,1 minor,a,parentAnimalId_animalId_1496400103062.jpg,
Jun,02/06/2017,4:11 PM,28/07/2017 07:13,8.62955139,77.91891657,,D-020617161155-86-128,Nilgiris,ITC Donkey Clinics,EmmaRayner,Donkey lesion form,Donkey,tuticorin,No,2 head,mutilation(nose split),5,mutilation,scar,1 minor,1 minor,a,parentAnimalId_animalId_1496400306833.jpg,
Jun,02/06/2017,4:19 PM,03/06/2017 19:12,8.62960478,77.91883368,,D-020617161944-86-129,Nilgiris,ITC Donkey Clinics,EmmaRayner,Donkey lesion form,Donkey,tuticorin,No,5 midsection,harness,3,superficial,granulation,1 minor,1 minor,a,parentAnimalId_animalId_1496400619707.jpg,
Jun,02/06/2017,4:21 PM,03/06/2017 19:12,8.62950827,77.91879944,,D-020617162108-86-130,Nilgiris,ITC Donkey Clinics,EmmaRayner,Donkey lesion form,Donkey,tuticorin,No,5 midsection,harness,2,superficial,granulation,1 minor,1 minor,a,parentAnimalId_animalId_1496400706128.jpg,
Jun,02/06/2017,4:22 PM,03/06/2017 19:12,8.62951101,77.91880041,,D-020617162239-86-131,Nilgiris,ITC Donkey Clinics,EmmaRayner,Donkey lesion form,Donkey,tuticorin,No,6 hindquarters,bite,5,superficial,granulation,1 minor,1 minor,a,parentAnimalId_animalId_1496400807472.jpg,
Jun,02/06/2017,10:30 PM,03/06/2017 19:12,8.50412777,78.11790576,,D-020617223005-86-132,Nilgiris,ITC Donkey Clinics,EmmaRayner,Donkey lesion form,Donkey,tuticorin,No,2 head,mutilation(ear split),4,mutilation,scar,1 minor,1 minor,a,,
Jun,02/06/2017,10:31 PM,03/06/2017 19:12,8.50412777,78.11790576,,D-020617223103-86-133,Nilgiris,ITC Donkey Clinics,EmmaRayner,Donkey lesion form,Donkey,tuticorin,No,2 head,mutilation(ear split),5,mutilation,scar,1 minor,1 minor,a,,
Jun,02/06/2017,10:31 PM,03/06/2017 19:12,8.50412777,78.11790576,,D-020617223155-86-134,Nilgiris,ITC Donkey Clinics,EmmaRayner,Donkey lesion form,Donkey,tuticorin,No,2 head,mutilation(ear split),5,mutilation,scar,1 minor,1 minor,a,,
Jun,02/06/2017,10:33 PM,03/06/2017 19:12,8.50412777,78.11790576,,D-020617223320-86-135,Nilgiris,ITC Donkey Clinics,EmmaRayner,Donkey lesion form,Donkey,tuticorin,No,2 head,mutilation(ear split),4,mutilation,scar,1 minor,1 minor,a,,
Jun,02/06/2017,10:34 PM,03/06/2017 19:12,8.50412777,78.11790576,,D-020617223439-86-136,Nilgiris,ITC Donkey Clinics,EmmaRayner,Donkey lesion form,Donkey,tuticorin,No,2 head,mutilation(ear split),5,mutilation,scar,1 minor,1 minor,a,,
Jun,02/06/2017,10:34 PM,03/06/2017 19:12,8.50412777,78.11790576,,D-020617223459-86-137,Nilgiris,ITC Donkey Clinics,EmmaRayner,Donkey lesion form,Donkey,tuticorin,No,2 head,mutilation(nose split),4,mutilation,scar,1 minor,1 minor,a,,
Jun,02/06/2017,10:36 PM,03/06/2017 19:12,8.50412777,78.11790576,,D-020617223651-86-138,Nilgiris,ITC Donkey Clinics,EmmaRayner,Donkey lesion form,Donkey,tuticorin,No,2 head,mutilation(ear split),4,mutilation,scar,1 minor,1 minor,a,,
Jun,02/06/2017,10:43 PM,03/06/2017 19:12,8.50412777,78.11790576,,D-020617224344-86-139,Nilgiris,ITC Donkey Clinics,EmmaRayner,Donkey lesion form,Donkey,tuticorin,No,2 head,mutilation(ear split),5,mutilation,scar,1 minor,1 minor,a,,
Jun,02/06/2017,10:46 PM,03/06/2017 19:12,8.50412777,78.11790576,,D-020617224641-86-140,Nilgiris,ITC Donkey Clinics,EmmaRayner,Donkey lesion form,Donkey,tuticorin,No,2 head,mutilation(nose split),6,mutilation,scar,1 minor,1 minor,a,,
Jun,02/06/2017,10:48 PM,03/06/2017 19:12,8.50412777,78.11790576,,D-020617224831-86-141,Nilgiris,ITC Donkey Clinics,EmmaRayner,Donkey lesion form,Donkey,tuticorin,No,2 head,mutilation(nose split),4,mutilation,scar,1 minor,1 minor,a,,
Jun,02/06/2017,11:12 PM,03/06/2017 19:12,8.50412777,78.11790576,,D-020617231217-86-142,Nilgiris,ITC Donkey Clinics,EmmaRayner,Donkey lesion form,Donkey,tuticorin,No,4 shoulder,mutilation(branding),30,mutilation,scar,1 minor,1 minor,a,,
Jun,02/06/2017,11:12 PM,03/06/2017 19:12,8.50412777,78.11790576,,D-020617231236-86-143,Nilgiris,ITC Donkey Clinics,EmmaRayner,Donkey lesion form,Donkey,tuticorin,No,2 head,mutilation(ear split),5,mutilation,scar,1 minor,1 minor,a,,
Jun,02/06/2017,11:50 PM,03/06/2017 19:12,8.51059528,78.11782944,,D-020617235012-86-144,Nilgiris,ITC Donkey Clinics,EmmaRayner,Donkey lesion form,Donkey,tuticorin,No,2 head,mutilation(nose split),5,mutilation,scar,1 minor,1 minor,a,,
Jun,03/06/2017,12:19 AM,03/06/2017 19:12,8.51059528,78.11782944,,D-030617001955-86-145,Nilgiris,ITC Donkey Clinics,EmmaRayner,Donkey lesion form,Donkey,tuticorin,No,4 shoulder,mutilation(branding),20x3,mutilation,scar,1 minor,1 minor,a,,
Jun,03/06/2017,12:21 AM,03/06/2017 19:12,8.51059528,78.11782944,,D-030617002140-86-146,Nilgiris,ITC Donkey Clinics,EmmaRayner,Donkey lesion form,Donkey,tuticorin,No,2 head,mutilation(nose split),5,mutilation,scar,1 minor,1 minor,a,,
Jun,03/06/2017,12:22 AM,03/06/2017 19:12,8.51059528,78.11782944,,D-030617002202-86-147,Nilgiris,ITC Donkey Clinics,EmmaRayner,Donkey lesion form,Donkey,tuticorin,No,2 head,mutilation(ear split),4,mutilation,scar,1 minor,1 minor,a,,
Jun,03/06/2017,12:23 AM,03/06/2017 19:12,8.51059528,78.11782944,,D-030617002302-86-148,Nilgiris,ITC Donkey Clinics,EmmaRayner,Donkey lesion form,Donkey,tuticorin,No,2 head,mutilation(nose split),4,mutilation,scar,1 minor,1 minor,a,,
Jun,03/06/2017,12:24 AM,03/06/2017 19:12,8.51059528,78.11782944,,D-030617002406-86-149,Nilgiris,ITC Donkey Clinics,EmmaRayner,Donkey lesion form,Donkey,tuticorin,No,2 head,mutilation(nose split),5,mutilation,scar,1 minor,1 minor,a,,
Jun,03/06/2017,12:25 AM,03/06/2017 19:12,8.51059528,78.11782944,,D-030617002523-86-150,Nilgiris,ITC Donkey Clinics,EmmaRayner,Donkey lesion form,Donkey,tuticorin,No,2 head,mutilation(nose split),5,mutilation,scar,1 minor,1 minor,a,,
Jun,03/06/2017,12:26 AM,03/06/2017 19:12,8.51059528,78.11782944,,D-030617002617-86-151,Nilgiris,ITC Donkey Clinics,EmmaRayner,Donkey lesion form,Donkey,tuticorin,No,2 head,mutilation(nose split),5,mutilation,scar,1 minor,1 minor,a,,
Jun,03/06/2017,12:27 AM,03/06/2017 19:12,8.51059528,78.11782944,,D-030617002709-86-152,Nilgiris,ITC Donkey Clinics,EmmaRayner,Donkey lesion form,Donkey,tuticorin,No,2 head,mutilation(ear split),4,mutilation,scar,1 minor,1 minor,a,,
Jun,03/06/2017,12:27 AM,03/06/2017 19:12,8.51059528,78.11782944,,D-030617002730-86-153,Nilgiris,ITC Donkey Clinics,EmmaRayner,Donkey lesion form,Donkey,tuticorin,No,2 head,mutilation(nose split),5,mutilation,scar,1 minor,1 minor,a,,
Jun,03/06/2017,11:25 AM,03/06/2017 19:12,8.59911181,77.99514768,,D-030617112541-86-154,Nilgiris,ITC Donkey Clinics,EmmaRayner,Donkey lesion form,Donkey,tuticorin,No,2 head,mutilation(ear split),6,mutilation,scar,1 minor,1 minor,a,,
Jun,03/06/2017,11:26 AM,03/06/2017 19:12,8.59910019,77.99510586,,D-030617112630-86-155,Nilgiris,ITC Donkey Clinics,EmmaRayner,Donkey lesion form,Donkey,tuticorin,No,4 shoulder,mutilation(branding),20*3,mutilation,scar,1 minor,1 minor,a,parentAnimalId_animalId_1496469424873.jpg,
Jun,03/06/2017,11:27 AM,03/06/2017 19:12,8.59908032,77.99502827,,D-030617112731-86-156,Nilgiris,ITC Donkey Clinics,EmmaRayner,Donkey lesion form,Donkey,tuticorin,No,2 head,mutilation(nose split),5,mutilation,scar,1 minor,1 minor,a,,
Jun,03/06/2017,11:29 AM,03/06/2017 19:12,8.59895116,77.99502824,,D-030617112923-86-157,Nilgiris,ITC Donkey Clinics,EmmaRayner,Donkey lesion form,Donkey,tuticorin,No,4 shoulder,mutilation(branding),15*3,mutilation,scar,1 minor,1 minor,a,,
Jun,03/06/2017,11:29 AM,03/06/2017 19:12,8.59895116,77.99502824,,D-030617112946-86-158,Nilgiris,ITC Donkey Clinics,EmmaRayner,Donkey lesion form,Donkey,tuticorin,No,6 hindquarters,mutilation(branding),15*3,mutilation,scar,1 minor,1 minor,a,,
Jun,03/06/2017,11:30 AM,03/06/2017 19:12,8.5989725,77.9950166,,D-030617113009-86-159,Nilgiris,ITC Donkey Clinics,EmmaRayner,Donkey lesion form,Donkey,tuticorin,No,6 hindquarters,mutilation(branding),13*3,mutilation,scar,1 minor,1 minor,a,,
Jun,03/06/2017,11:33 AM,03/06/2017 19:12,8.59887737,77.99498168,,D-030617113303-86-160,Nilgiris,ITC Donkey Clinics,EmmaRayner,Donkey lesion form,Donkey,tuticorin,No,2 head,other(trauma),4,superficial,bleeding,3 concerning,3 concerning,a,parentAnimalId_animalId_1496469825168.jpg,
Jun,03/06/2017,11:33 AM,03/06/2017 19:12,8.59887737,77.99498168,,D-030617113350-86-161,Nilgiris,ITC Donkey Clinics,EmmaRayner,Donkey lesion form,Donkey,tuticorin,No,2 head,mutilation(ear split),14,mutilation,scar,1 minor,1 minor,a,,
Jun,03/06/2017,11:36 AM,03/06/2017 19:12,8.59878263,77.99483037,,D-030617113614-86-162,Nilgiris,ITC Donkey Clinics,EmmaRayner,Donkey lesion form,Donkey,tuticorin,No,6 hindquarters,bite,7,superficial,granulation,1 minor,2 slight concern,a,parentAnimalId_animalId_1496470005608.jpg,
Jun,03/06/2017,11:36 AM,03/06/2017 19:12,8.59878263,77.99483037,,D-030617113651-86-163,Nilgiris,ITC Donkey Clinics,EmmaRayner,Donkey lesion form,Donkey,tuticorin,No,2 head,mutilation(ear split),5,mutilation,scar,1 minor,1 minor,a,,
Jun,03/06/2017,11:38 AM,03/06/2017 19:12,8.59863919,77.99486513,,D-030617113806-86-164,Nilgiris,ITC Donkey Clinics,EmmaRayner,Donkey lesion form,Donkey,tuticorin,No,2 head,mutilation(ear split),5,mutilation,scar,1 minor,1 minor,a,,
Jun,03/06/2017,11:38 AM,03/06/2017 19:12,8.60016972,77.99495634,,D-030617113822-86-165,Nilgiris,ITC Donkey Clinics,EmmaRayner,Donkey lesion form,Donkey,tuticorin,No,2 head,mutilation(nose split),5,mutilation,scar,1 minor,1 minor,a,,
Jun,03/06/2017,12:17 PM,03/06/2017 19:12,8.58893346,77.97654156,,D-030617121738-86-166,Nilgiris,ITC Donkey Clinics,EmmaRayner,Donkey lesion form,Donkey,tuticorin ,No,2 head,mutilation(ear split),6*3,mutilation,scar,1 minor,1 minor,a,,
Jun,03/06/2017,12:23 PM,03/06/2017 19:12,8.58877908,77.97640503,,D-030617122328-86-167,Nilgiris,ITC Donkey Clinics,EmmaRayner,Donkey lesion form,Donkey,tuticorin ,No,2 head,bite,5,superficial,granulation,1 minor,1 minor,a,,
Jun,03/06/2017,12:31 PM,03/06/2017 19:12,8.59243697,77.97632929,,D-030617123119-86-168,Nilgiris,ITC Donkey Clinics,EmmaRayner,Donkey lesion form,Donkey,tuticorin ,No,3 neck,mutilation(branding),15*2,mutilation,scar,1 minor,1 minor,a,,
Jun,03/06/2017,12:57 PM,03/06/2017 19:12,8.60696129,77.94367217,,D-030617125742-86-169,Nilgiris,ITC Donkey Clinics,EmmaRayner,Donkey lesion form,Donkey,tuticorin,No,4 shoulder,mutilation(branding),30*2,mutilation,scar,1 minor,1 minor,a,,
Jun,03/06/2017,1:00 PM,03/06/2017 19:12,8.60693693,77.94351202,,D-030617130042-86-170,Nilgiris,ITC Donkey Clinics,EmmaRayner,Donkey lesion form,Donkey,tuticorin,No,2 head,mutilation(nose split),6,mutilation,scar,1 minor,1 minor,a,,
Jun,03/06/2017,1:38 PM,03/06/2017 19:12,8.61371251,78.0315766,,D-030617133814-86-171,Nilgiris,ITC Donkey Clinics,EmmaRayner,Donkey lesion form,Donkey,tuticorin,No,2 head,mutilation(ear split),5,mutilation,scar,1 minor,1 minor,a,,
Jun,03/06/2017,1:41 PM,03/06/2017 19:12,8.61365315,78.03150004,,D-030617134128-86-172,Nilgiris,ITC Donkey Clinics,EmmaRayner,Donkey lesion form,Donkey,tuticorin,No,2 head,mutilation(ear split),7,mutilation,scar,1 minor,1 minor,a,,
Jun,03/06/2017,1:43 PM,03/06/2017 19:12,8.61365876,78.03153639,,D-030617134343-86-173,Nilgiris,ITC Donkey Clinics,EmmaRayner,Donkey lesion form,Donkey,tuticorin,No,2 head,mutilation(nose split),4,mutilation,scar,1 minor,1 minor,a,,
Jun,03/06/2017,3:32 PM,03/06/2017 19:12,8.28532858,77.88690515,,D-030617153210-86-174,Nilgiris,ITC Donkey Clinics,EmmaRayner,Donkey lesion form,Donkey,tuticorin,No,6 hindquarters,bite,4,deep,exudative,3 concerning,2 slight concern,a,parentAnimalId_animalId_1496484265021.jpg,
Jun,03/06/2017,3:34 PM,03/06/2017 19:12,8.28533778,77.8869124,,D-030617153454-86-175,Nilgiris,ITC Donkey Clinics,EmmaRayner,Donkey lesion form,Donkey,tuticorin,No,4 shoulder,mutilation(branding),50*3,mutilation,scar,1 minor,1 minor,a,,
Jun,03/06/2017,3:35 PM,03/06/2017 19:12,8.28533778,77.8869124,,D-030617153522-86-176,Nilgiris,ITC Donkey Clinics,EmmaRayner,Donkey lesion form,Donkey,tuticorin,No,2 head,mutilation(nose split),6,mutilation,scar,1 minor,1 minor,a,,
Jun,03/06/2017,3:36 PM,03/06/2017 19:12,8.28533991,77.88691109,,D-030617153650-86-177,Nilgiris,ITC Donkey Clinics,EmmaRayner,Donkey lesion form,Donkey,tuticorin,No,5 midsection,mutilation(branding),40*3,mutilation,scar,1 minor,1 minor,a,,
Jun,03/06/2017,3:37 PM,03/06/2017 19:12,8.28534253,77.88691209,,D-030617153737-86-178,Nilgiris,ITC Donkey Clinics,EmmaRayner,Donkey lesion form,Donkey,tuticorin,No,5 midsection,mutilation(branding),40*2,mutilation,scar,1 minor,1 minor,a,,
Jun,03/06/2017,3:37 PM,03/06/2017 19:12,8.29746216,77.91039934,,D-030617153756-86-179,Nilgiris,ITC Donkey Clinics,EmmaRayner,Donkey lesion form,Donkey,tuticorin,No,2 head,mutilation(nose split),4,mutilation,scar,1 minor,1 minor,a,parentAnimalId_animalId_1496486549029.jpg,
Jun,03/06/2017,4:12 PM,03/06/2017 19:12,8.29746216,77.91039934,,D-030617161236-86-180,Nilgiris,ITC Donkey Clinics,EmmaRayner,Donkey lesion form,Donkey,tuticorin,No,2 head,mutilation(ear split),5,mutilation,scar,1 minor,1 minor,a,,
Jun,03/06/2017,4:14 PM,03/06/2017 19:12,8.29745976,77.91040312,,D-030617161402-86-181,Nilgiris,ITC Donkey Clinics,EmmaRayner,Donkey lesion form,Donkey,tuticorin,No,2 head,mutilation(nose split),3,mutilation,scar,1 minor,1 minor,a,,
Jun,03/06/2017,4:14 PM,03/06/2017 19:12,8.2974459,77.91042056,,D-030617161449-86-182,Nilgiris,ITC Donkey Clinics,EmmaRayner,Donkey lesion form,Donkey,tuticorin,No,6 hindquarters,mutilation(branding),30*3,superficial,granulation,2 slight concern,1 minor,a,parentAnimalId_animalId_1496486757082.jpg,
Jun,03/06/2017,4:16 PM,03/06/2017 19:12,8.2974459,77.91042056,,D-030617161649-86-183,Nilgiris,ITC Donkey Clinics,EmmaRayner,Donkey lesion form,Donkey,tuticorin,No,2 head,mutilation(nose split),4,mutilation,scar,1 minor,1 minor,a,,
Jun,03/06/2017,4:17 PM,03/06/2017 19:12,8.2974459,77.91042056,,D-030617161709-86-184,Nilgiris,ITC Donkey Clinics,EmmaRayner,Donkey lesion form,Donkey,tuticorin,No,2 head,mutilation(ear split),5,mutilation,scar,1 minor,1 minor,a,,
Jun,03/06/2017,4:18 PM,03/06/2017 19:12,8.29747778,77.91042276,,D-030617161846-86-185,Nilgiris,ITC Donkey Clinics,EmmaRayner,Donkey lesion form,Donkey,tuticorin,No,2 head,mutilation(nose split),4,mutilation,scar,1 minor,1 minor,a,,
Jun,03/06/2017,4:19 PM,03/06/2017 19:12,8.29747217,77.91041305,,D-030617161931-86-186,Nilgiris,ITC Donkey Clinics,EmmaRayner,Donkey lesion form,Donkey,tuticorin,No,2 head,mutilation(nose split),4,mutilation,scar,1 minor,1 minor,a,,
Jun,03/06/2017,4:21 PM,03/06/2017 19:12,8.29747602,77.91040944,,D-030617162134-86-187,Nilgiris,ITC Donkey Clinics,EmmaRayner,Donkey lesion form,Donkey,tuticorin,No,2 head,other(wart),25,alopecia,scar,4 serious,3 concerning,a,parentAnimalId_animalId_1496487132289.jpg,
Jun,03/06/2017,4:22 PM,28/07/2017 07:13,8.29747602,77.91040944,,D-030617162218-86-188,Nilgiris,ITC Donkey Clinics,EmmaRayner,Donkey lesion form,Donkey,tuticorin,No,2 head,mutilation(nose split),4,mutilation,scar,1 minor,1 minor,a,,
Jun,06/06/2017,7:28 AM,08/06/2017 05:08,11.24706534,76.96116605,,D-060617072825-86-189,Nilgiris,ITC Donkey Clinics,EmmaRayner,Donkey lesion form,Donkey,mettupalayam,No,2 head,mutilation(nose split),6,mutilation,scar,1 minor,1 minor,a,parentAnimalId_animalId_1496714339980.jpg,
Jun,06/06/2017,7:29 AM,08/06/2017 05:08,11.24706534,76.96116605,,D-060617072902-86-190,Nilgiris,ITC Donkey Clinics,EmmaRayner,Donkey lesion form,Donkey,mettupalayam,No,2 head,mutilation(ear split),8,mutilation,scar,1 minor,1 minor,a,,
Jun,06/06/2017,7:30 AM,08/06/2017 05:08,11.24705933,76.96117271,,D-060617073003-86-191,Nilgiris,ITC Donkey Clinics,EmmaRayner,Donkey lesion form,Donkey,mettupalayam,No,2 head,mutilation(ear split),7,mutilation,scar,1 minor,1 minor,a,,
Jun,06/06/2017,7:31 AM,08/06/2017 05:08,11.24707084,76.96121532,,D-060617073157-86-192,Nilgiris,ITC Donkey Clinics,EmmaRayner,Donkey lesion form,Donkey,mettupalayam,No,3 neck,bite,4,superficial,granulation,1 minor,1 minor,a,parentAnimalId_animalId_1496714555480.jpg,
Jun,06/06/2017,7:34 AM,08/06/2017 05:08,11.24708405,76.96121921,,D-060617073409-86-193,Nilgiris,ITC Donkey Clinics,EmmaRayner,Donkey lesion form,Donkey,mettupalayam,No,2 head,mutilation(ear split),5,mutilation,scar,1 minor,1 minor,a,,
Jun,06/06/2017,7:34 AM,08/06/2017 05:08,11.24708405,76.96121921,,D-060617073427-86-194,Nilgiris,ITC Donkey Clinics,EmmaRayner,Donkey lesion form,Donkey,mettupalayam,No,2 head,mutilation(nose split),6,mutilation,scar,1 minor,1 minor,a,,
Jun,06/06/2017,7:35 AM,08/06/2017 05:08,11.24709011,76.96123276,,D-060617073537-86-195,Nilgiris,ITC Donkey Clinics,EmmaRayner,Donkey lesion form,Donkey,mettupalayam,No,4 shoulder,mutilation(branding),30*20,mutilation,scar,2 slight concern,1 minor,a,parentAnimalId_animalId_1496714777171.jpg,
Jun,06/06/2017,7:41 AM,08/06/2017 05:08,11.24707482,76.96121198,,D-060617074109-86-196,Nilgiris,ITC Donkey Clinics,EmmaRayner,Donkey lesion form,Donkey,mettupalayam,No,2 head,mutilation(nose split),5,mutilation,scar,1 minor,1 minor,a,,
Jun,06/06/2017,8:07 AM,08/06/2017 05:08,11.24751842,76.9626983,,D-060617080717-86-197,Nilgiris,ITC Donkey Clinics,EmmaRayner,Donkey lesion form,Donkey,,No,2 head,mutilation(nose split),6,mutilation,scar,1 minor,1 minor,a,parentAnimalId_animalId_1496716909871.jpg,
Jun,06/06/2017,8:11 AM,08/06/2017 05:08,11.24750487,76.96267839,,D-060617081152-86-198,Nilgiris,ITC Donkey Clinics,EmmaRayner,Donkey lesion form,Donkey,mettupalayam,No,2 head,mutilation(ear split),6,mutilation,scar,1 minor,1 minor,a,,
Jun,06/06/2017,8:15 AM,08/06/2017 05:08,11.24757868,76.96270891,,D-060617081530-86-199,Nilgiris,ITC Donkey Clinics,EmmaRayner,Donkey lesion form,Donkey,mettupalayam,No,7 legs,other(barb wire),6*3,superficial,exudative,2 slight concern,2 slight concern,a,parentAnimalId_animalId_1496717233050.jpg,
Jun,06/06/2017,9:49 AM,08/06/2017 05:08,11.30632182,76.90131902,,D-060617094948-86-200,Nilgiris,ITC Donkey Clinics,EmmaRayner,Donkey lesion form,Donkey,mettupalyam,No,2 head,mutilation(ear split),10,mutilation,scar,1 minor,1 minor,a,,
Jun,06/06/2017,9:50 AM,08/06/2017 05:08,11.30648604,76.90127919,,D-060617095040-86-201,Nilgiris,ITC Donkey Clinics,EmmaRayner,Donkey lesion form,Donkey,mettupalyam,No,2 head,mutilation(ear split),10,mutilation,scar,1 minor,1 minor,a,,
Jun,06/06/2017,9:53 AM,08/06/2017 05:08,11.30666775,76.90117265,,D-060617095339-86-202,Nilgiris,ITC Donkey Clinics,EmmaRayner,Donkey lesion form,Donkey,mettupalyam,No,7 legs,restraint,4,superficial,granulation,1 minor,1 minor,a,,
Jun,06/06/2017,9:54 AM,08/06/2017 05:08,11.3066076,76.90111761,,D-060617095428-86-203,Nilgiris,ITC Donkey Clinics,EmmaRayner,Donkey lesion form,Donkey,mettupalyam,No,7 legs,restraint,6,superficial,granulation,1 minor,1 minor,a,parentAnimalId_animalId_1496723134162.jpg,
Jun,06/06/2017,5:27 PM,08/06/2017 05:08,11.29687263,76.90678779,,D-060617172720-86-204,Nilgiris,ITC Donkey Clinics,EmmaRayner,Donkey lesion form,Donkey,mettupalyam,No,2 head,mutilation(nose split),8,mutilation,scar,1 minor,1 minor,a,parentAnimalId_animalId_1496750268358.jpg,
Jun,06/06/2017,5:27 PM,08/06/2017 05:08,11.29687263,76.90678779,,D-060617172755-86-205,Nilgiris,ITC Donkey Clinics,EmmaRayner,Donkey lesion form,Donkey,mettupalyam,No,2 head,mutilation(ear split),5,mutilation,scar,1 minor,1 minor,a,,
Jun,06/06/2017,5:29 PM,08/06/2017 05:08,11.29688201,76.90674621,,D-060617172904-86-206,Nilgiris,ITC Donkey Clinics,EmmaRayner,Donkey lesion form,Donkey,mettupalyam,No,7 legs,restraint,4,alopecia,scar,1 minor,1 minor,a,parentAnimalId_animalId_1496750374108.jpg,
Jun,06/06/2017,5:30 PM,08/06/2017 05:08,11.2969654,76.90672417,,D-060617173030-86-207,Nilgiris,ITC Donkey Clinics,EmmaRayner,Donkey lesion form,Donkey,mettupalyam,No,4 shoulder,mutilation(branding),20,mutilation,scar,1 minor,1 minor,a,parentAnimalId_animalId_1496750460508.jpg,
Jun,06/06/2017,5:31 PM,08/06/2017 05:08,11.2969654,76.90672417,,D-060617173103-86-208,Nilgiris,ITC Donkey Clinics,EmmaRayner,Donkey lesion form,Donkey,mettupalyam,No,2 head,mutilation(nose split),6,mutilation,scar,1 minor,1 minor,a,,
Jun,06/06/2017,5:31 PM,28/07/2017 07:13,11.29692034,76.90669337,,D-060617173153-86-209,Nilgiris,ITC Donkey Clinics,EmmaRayner,Donkey lesion form,Donkey,,No,4 shoulder,mutilation(branding),30,mutilation,scar,1 minor,1 minor,a,,
Jun,06/06/2017,6:36 PM,08/06/2017 05:08,11.29787692,76.90718578,,D-060617183602-86-210,Nilgiris,ITC Donkey Clinics,EmmaRayner,Donkey lesion form,Donkey,mettupalyam,No,7 legs,rta,5,deep,bleeding,4 serious,4 serious,a,parentAnimalId_animalId_1496754411756.jpg,
Jun,07/06/2017,7:36 AM,08/06/2017 05:08,11.28426558,76.88661773,,D-070617073607-86-211,Nilgiris,ITC Donkey Clinics,EmmaRayner,Donkey lesion form,Donkey,mettupalayam,No,2 head,mutilation(ear split),7,mutilation,scar,1 minor,1 minor,a,,
Jun,07/06/2017,7:40 AM,08/06/2017 05:08,11.28424782,76.88658887,,D-070617074037-86-212,Nilgiris,ITC Donkey Clinics,EmmaRayner,Donkey lesion form,Donkey,mettupalayam,No,5 midsection,other(tumour),5*2,superficial,exudative,3 concerning,2 slight concern,a,parentAnimalId_animalId_1496802324983.jpg,
Jun,07/06/2017,10:12 AM,08/06/2017 05:08,11.312008,76.93094093,,D-070617101257-86-213,Nilgiris,ITC Donkey Clinics,EmmaRayner,Donkey lesion form,Donkey,mettupalayam,No,4 shoulder,mutilation(branding),40*3,mutilation,scar,1 minor,1 minor,a,,
Jun,07/06/2017,12:59 PM,08/06/2017 05:08,10.9676961,76.80338335,,D-070617125952-86-214,Nilgiris,ITC Donkey Clinics,EmmaRayner,Donkey lesion form,Donkey,mettupalayam,No,2 head,mutilation(nose split),9,mutilation,scar,1 minor,1 minor,a,,
Jun,07/06/2017,1:04 PM,08/06/2017 05:08,10.96527791,76.80369674,,D-070617130420-86-215,Nilgiris,ITC Donkey Clinics,EmmaRayner,Donkey lesion form,Donkey,mettupalayam,No,2 head,mutilation(nose split),6,mutilation,scar,1 minor,1 minor,a,,
Jun,07/06/2017,1:04 PM,08/06/2017 05:08,10.96527791,76.80369674,,D-070617130438-86-216,Nilgiris,ITC Donkey Clinics,EmmaRayner,Donkey lesion form,Donkey,mettupalayam,No,2 head,mutilation(ear split),6,mutilation,scar,1 minor,1 minor,a,,
Jun,07/06/2017,1:14 PM,08/06/2017 05:08,10.97389606,76.81720968,,D-070617131437-86-217,Nilgiris,ITC Donkey Clinics,EmmaRayner,Donkey lesion form,Donkey,mettupalayam,No,2 head,mutilation(nose split),7,mutilation,scar,1 minor,1 minor,a,,
Jun,07/06/2017,1:15 PM,08/06/2017 05:08,10.97389606,76.81720968,,D-070617131504-86-218,Nilgiris,ITC Donkey Clinics,EmmaRayner,Donkey lesion form,Donkey,mettupalayam,No,2 head,mutilation(ear split),5,mutilation,scar,1 minor,1 minor,a,,
Jul,25/07/2017,9:39 AM,28/07/2017 06:13,9.89481849,77.27866935,,D-250717093955-86-219,Nilgiris,ITC Donkey Clinics,EmmaRayner,Donkey lesion form,Donkey,theni,No,4 shoulder,mutilation(branding),100x100cm,mutilation,granulation,2 slight concern,1 minor,a,parentAnimalId_animalId_1500955857306.jpg,
Jul,25/07/2017,9:40 AM,28/07/2017 06:13,9.89481849,77.27866935,,D-250717094059-86-220,Nilgiris,ITC Donkey Clinics,EmmaRayner,Donkey lesion form,Donkey,theni,No,2 head,mutilation(nose split),6,mutilation,scar,1 minor,1 minor,a,parentAnimalId_animalId_1500955912203.jpg,
Jul,25/07/2017,9:41 AM,28/07/2017 06:13,9.89481849,77.27866935,,D-250717094154-86-221,Nilgiris,ITC Donkey Clinics,EmmaRayner,Donkey lesion form,Donkey,theni,No,2 head,mutilation(ear split),5,mutilation,scar,1 minor,1 minor,a,,
Jul,25/07/2017,9:42 AM,28/07/2017 06:13,9.89482981,77.27869424,,D-250717094244-86-222,Nilgiris,ITC Donkey Clinics,EmmaRayner,Donkey lesion form,Donkey,theni,No,2 head,mutilation(nose split),4,mutilation,scar,1 minor,1 minor,a,,
Jul,25/07/2017,9:44 AM,28/07/2017 06:13,9.89483543,77.27868579,,D-250717094409-86-223,Nilgiris,ITC Donkey Clinics,EmmaRayner,Donkey lesion form,Donkey,theni,No,7 legs,mutilation(branding),60x40,mutilation,granulation,2 slight concern,1 minor,a,parentAnimalId_animalId_1500956165217.jpg,
Jul,25/07/2017,9:47 AM,28/07/2017 06:13,9.89482911,77.27869046,,D-250717094704-86-224,Nilgiris,ITC Donkey Clinics,EmmaRayner,Donkey lesion form,Donkey,theni,No,2 head,mutilation(nose split),6,mutilation,scar,1 minor,1 minor,a,parentAnimalId_animalId_1500956262365.jpg,
Jul,25/07/2017,9:47 AM,28/07/2017 06:13,9.89482911,77.27869046,,D-250717094745-86-225,Nilgiris,ITC Donkey Clinics,EmmaRayner,Donkey lesion form,Donkey,theni,No,2 head,mutilation(ear split),5,mutilation,scar,1 minor,1 minor,a,,
Jul,25/07/2017,9:48 AM,28/07/2017 06:13,9.89470413,77.27875959,,D-250717094855-86-226,Nilgiris,ITC Donkey Clinics,EmmaRayner,Donkey lesion form,Donkey,theni,No,2 head,mutilation(nose split),5,mutilation,scar,1 minor,1 minor,a,,
Jul,25/07/2017,9:49 AM,28/07/2017 06:13,9.89470413,77.27875959,,D-250717094920-86-227,Nilgiris,ITC Donkey Clinics,EmmaRayner,Donkey lesion form,Donkey,theni,No,4 shoulder,mutilation(branding),30x20,mutilation,scar,1 minor,1 minor,a,parentAnimalId_animalId_1500956401772.jpg,
Jul,25/07/2017,9:50 AM,28/07/2017 06:13,9.89470413,77.27875959,,D-250717095004-86-228,Nilgiris,ITC Donkey Clinics,EmmaRayner,Donkey lesion form,Donkey,theni,No,2 head,mutilation(nose split),5,mutilation,scar,1 minor,1 minor,a,,
Jul,25/07/2017,9:52 AM,28/07/2017 06:13,9.89482963,77.27870078,,D-250717095246-86-229,Nilgiris,ITC Donkey Clinics,EmmaRayner,Donkey lesion form,Donkey,theni,No,2 head,mutilation(nose split),5,mutilation,scar,1 minor,1 minor,a,,
Jul,25/07/2017,9:54 AM,28/07/2017 06:13,9.89481965,77.2787124,,D-250717095400-86-230,Nilgiris,ITC Donkey Clinics,EmmaRayner,Donkey lesion form,Donkey,theni,No,2 head,mutilation(nose split),5,mutilation,scar,1 minor,1 minor,a,,
Jul,25/07/2017,9:57 AM,28/07/2017 06:13,9.89481417,77.2786993,,D-250717095742-86-231,Nilgiris,ITC Donkey Clinics,EmmaRayner,Donkey lesion form,Donkey,theni,No,2 head,mutilation(ear split),5,mutilation,scar,1 minor,1 minor,a,,
Jul,25/07/2017,10:24 AM,28/07/2017 06:13,9.84428236,77.29133761,,D-250717102406-86-232,Nilgiris,ITC Donkey Clinics,EmmaRayner,Donkey lesion form,Donkey,theni,No,2 head,mutilation(nose split),5,mutilation,scar,1 minor,1 minor,a,,
Jul,25/07/2017,10:24 AM,28/07/2017 06:13,9.84428976,77.2913472,,D-250717102435-86-233,Nilgiris,ITC Donkey Clinics,EmmaRayner,Donkey lesion form,Donkey,theni,No,2 head,mutilation(nose split),5,mutilation,scar,1 minor,1 minor,a,,
Jul,25/07/2017,10:25 AM,28/07/2017 06:13,9.84428976,77.2913472,,D-250717102546-86-234,Nilgiris,ITC Donkey Clinics,EmmaRayner,Donkey lesion form,Donkey,theni,No,2 head,mutilation(ear split),7,mutilation,scar,1 minor,1 minor,a,,
Jul,25/07/2017,10:27 AM,28/07/2017 06:13,9.84428675,77.29133146,,D-250717102759-86-235,Nilgiris,ITC Donkey Clinics,EmmaRayner,Donkey lesion form,Donkey,theni,No,2 head,mutilation(ear split),4,mutilation,scar,1 minor,1 minor,a,,
Jul,25/07/2017,10:28 AM,28/07/2017 06:13,9.84427093,77.29130689,,D-250717102840-86-236,Nilgiris,ITC Donkey Clinics,EmmaRayner,Donkey lesion form,Donkey,theni,No,2 head,mutilation(nose split),5,mutilation,scar,1 minor,1 minor,a,,
Jul,25/07/2017,10:29 AM,28/07/2017 06:13,9.84427093,77.29130689,,D-250717102904-86-237,Nilgiris,ITC Donkey Clinics,EmmaRayner,Donkey lesion form,Donkey,theni,No,2 head,mutilation(ear split),6,mutilation,scar,1 minor,1 minor,a,,
Jul,25/07/2017,10:30 AM,28/07/2017 06:13,9.84429854,77.29131297,,D-250717103014-86-238,Nilgiris,ITC Donkey Clinics,EmmaRayner,Donkey lesion form,Donkey,theni,No,2 head,mutilation(ear split),6,mutilation,scar,1 minor,1 minor,a,,
Jul,25/07/2017,10:32 AM,28/07/2017 06:13,9.84427113,77.29131254,,D-250717103201-86-239,Nilgiris,ITC Donkey Clinics,EmmaRayner,Donkey lesion form,Donkey,theni,No,4 shoulder,mutilation(branding),30,mutilation,scar,1 minor,1 minor,a,,
Jul,25/07/2017,10:32 AM,28/07/2017 06:13,9.84427113,77.29131254,,D-250717103224-86-240,Nilgiris,ITC Donkey Clinics,EmmaRayner,Donkey lesion form,Donkey,theni,No,2 head,mutilation(ear split),5,mutilation,scar,1 minor,1 minor,a,,
Jul,25/07/2017,10:34 AM,28/07/2017 06:13,9.84427366,77.29133136,,D-250717103434-86-241,Nilgiris,ITC Donkey Clinics,EmmaRayner,Donkey lesion form,Donkey,theni,No,2 head,mutilation(ear split),5,mutilation,scar,1 minor,1 minor,a,,
Jul,25/07/2017,11:14 AM,28/07/2017 06:13,9.89690097,77.27792536,,D-250717111411-86-242,Nilgiris,ITC Donkey Clinics,EmmaRayner,Donkey lesion form,Donkey,theni,No,2 head,mutilation(ear split),5,mutilation,scar,1 minor,1 minor,a,,
Jul,25/07/2017,11:17 AM,28/07/2017 06:13,9.89690414,77.27790808,,D-250717111748-86-243,Nilgiris,ITC Donkey Clinics,EmmaRayner,Donkey lesion form,Donkey,theni,No,2 head,mutilation(nose split),5,mutilation,scar,1 minor,1 minor,a,,
Jul,25/07/2017,11:18 AM,28/07/2017 06:13,9.8969092,77.27791135,,D-250717111850-86-244,Nilgiris,ITC Donkey Clinics,EmmaRayner,Donkey lesion form,Donkey,theni,No,2 head,mutilation(ear split),5,mutilation,scar,1 minor,1 minor,a,,
Jul,25/07/2017,11:19 AM,28/07/2017 06:13,9.89690994,77.27791417,,D-250717111936-86-245,Nilgiris,ITC Donkey Clinics,EmmaRayner,Donkey lesion form,Donkey,theni,No,2 head,mutilation(ear split),4,mutilation,scar,1 minor,1 minor,a,,
Jul,25/07/2017,5:00 PM,28/07/2017 06:13,10.01487716,77.34704123,,D-250717170042-86-246,Nilgiris,ITC Donkey Clinics,EmmaRayner,Donkey lesion form,Donkey,theni,No,6 hindquarters,harness,6,superficial,exudative,2 slight concern,1 minor,a,parentAnimalId_animalId_1500982300027.jpg,
Jul,25/07/2017,5:01 PM,28/07/2017 06:13,10.01487716,77.34704123,,D-250717170142-86-247,Nilgiris,ITC Donkey Clinics,EmmaRayner,Donkey lesion form,Donkey,theni,No,5 midsection,harness,6,alopecia,scar,1 minor,1 minor,a,parentAnimalId_animalId_1500982346046.jpg,
Jul,25/07/2017,5:02 PM,28/07/2017 06:13,10.01487716,77.34704123,,D-250717170228-86-248,Nilgiris,ITC Donkey Clinics,EmmaRayner,Donkey lesion form,Donkey,theni,No,2 head,mutilation(ear split),7x2,mutilation,scar,1 minor,1 minor,a,,
Jul,25/07/2017,5:03 PM,28/07/2017 06:13,10.01487716,77.34704123,,D-250717170336-86-249,Nilgiris,ITC Donkey Clinics,EmmaRayner,Donkey lesion form,Donkey,theni,No,2 head,mutilation(nose split),8,mutilation,scar,1 minor,1 minor,a,,
Jul,25/07/2017,5:04 PM,28/07/2017 06:13,10.01487716,77.34704123,,D-250717170444-86-250,Nilgiris,ITC Donkey Clinics,EmmaRayner,Donkey lesion form,Donkey,theni,No,5 midsection,harness,4,alopecia,scar,1 minor,1 minor,a,parentAnimalId_animalId_1500982513268.jpg,
Jul,25/07/2017,5:05 PM,28/07/2017 06:13,10.01487716,77.34704123,,D-250717170517-86-251,Nilgiris,ITC Donkey Clinics,EmmaRayner,Donkey lesion form,Donkey,theni,No,6 hindquarters,harness,6,alopecia,scar,1 minor,1 minor,a,,
Jul,25/07/2017,5:07 PM,28/07/2017 06:13,10.01487716,77.34704123,,D-250717170718-86-252,Nilgiris,ITC Donkey Clinics,EmmaRayner,Donkey lesion form,Donkey,theni,No,2 head,mutilation(nose split),4,mutilation,scar,1 minor,1 minor,a,,
Jul,25/07/2017,5:08 PM,28/07/2017 06:13,10.01487716,77.34704123,,D-250717170801-86-253,Nilgiris,ITC Donkey Clinics,EmmaRayner,Donkey lesion form,Donkey,,No,6 hindquarters,harness,5,superficial,bleeding,2 slight concern,1 minor,a,parentAnimalId_animalId_1500982753164.jpg,
Jul,25/07/2017,5:10 PM,28/07/2017 06:13,10.01487716,77.34704123,,D-250717171032-86-254,Nilgiris,ITC Donkey Clinics,EmmaRayner,Donkey lesion form,Donkey,theni,No,4 shoulder,mutilation(branding),30,mutilation,scar,1 minor,1 minor,a,parentAnimalId_animalId_1500982857735.jpg,
Jul,25/07/2017,5:10 PM,28/07/2017 06:13,10.01487716,77.34704123,,D-250717171059-86-255,Nilgiris,ITC Donkey Clinics,EmmaRayner,Donkey lesion form,Donkey,theni,No,6 hindquarters,harness,6,superficial,bleeding,2 slight concern,2 slight concern,a,parentAnimalId_animalId_1500982895112.jpg,
Jul,25/07/2017,5:11 PM,28/07/2017 06:13,10.01487716,77.34704123,,D-250717171159-86-256,Nilgiris,ITC Donkey Clinics,EmmaRayner,Donkey lesion form,Donkey,theni,No,5 midsection,harness,5,superficial,exudative,2 slight concern,1 minor,a,,
Jul,25/07/2017,5:12 PM,28/07/2017 06:13,10.01487716,77.34704123,,D-250717171215-86-257,Nilgiris,ITC Donkey Clinics,EmmaRayner,Donkey lesion form,Donkey,theni,No,6 hindquarters,harness,6,superficial,exudative,2 slight concern,1 minor,a,,
Jul,25/07/2017,5:14 PM,28/07/2017 06:13,10.01487716,77.34704123,,D-250717171428-86-258,Nilgiris,ITC Donkey Clinics,EmmaRayner,Donkey lesion form,Donkey,theni,No,6 hindquarters,harness,6,superficial,bleeding,3 concerning,1 minor,a,,
Jul,25/07/2017,5:15 PM,28/07/2017 06:13,10.01487716,77.34704123,,D-250717171532-86-259,Nilgiris,ITC Donkey Clinics,EmmaRayner,Donkey lesion form,Donkey,theni,No,4 shoulder,mutilation(branding),35,mutilation,scar,1 minor,1 minor,a,parentAnimalId_animalId_1500983158737.jpg,
Jul,25/07/2017,5:17 PM,28/07/2017 06:13,10.01487716,77.34704123,,D-250717171751-86-260,Nilgiris,ITC Donkey Clinics,EmmaRayner,Donkey lesion form,Donkey,theni,No,6 hindquarters,harness,6,superficial,granulation,2 slight concern,1 minor,a,parentAnimalId_animalId_1500983324607.jpg,
Jul,25/07/2017,5:19 PM,28/07/2017 06:13,10.01487716,77.34704123,,D-250717171943-86-261,Nilgiris,ITC Donkey Clinics,EmmaRayner,Donkey lesion form,Donkey,theni,No,6 hindquarters,harness,4,superficial,exudative,2 slight concern,1 minor,a,,
Jul,25/07/2017,5:20 PM,28/07/2017 06:13,10.01487716,77.34704123,,D-250717172002-86-262,Nilgiris,ITC Donkey Clinics,EmmaRayner,Donkey lesion form,Donkey,theni,No,6 hindquarters,mutilation(branding),20,mutilation,scar,1 minor,1 minor,a,,
Jul,25/07/2017,5:21 PM,28/07/2017 06:13,10.01487716,77.34704123,,D-250717172110-86-263,Nilgiris,ITC Donkey Clinics,EmmaRayner,Donkey lesion form,Donkey,,No,4 shoulder,bite,3,superficial,granulation,1 minor,1 minor,a,parentAnimalId_animalId_1500983617211.jpg,
Jul,25/07/2017,5:23 PM,28/07/2017 06:13,10.01487716,77.34704123,,D-250717172339-86-264,Nilgiris,ITC Donkey Clinics,EmmaRayner,Donkey lesion form,Donkey,theni,No,2 head,mutilation(nose split),5,mutilation,scar,1 minor,1 minor,a,,
Jul,25/07/2017,5:25 PM,28/07/2017 06:13,10.01857941,77.33795469,,D-250717172504-86-265,Nilgiris,ITC Donkey Clinics,EmmaRayner,Donkey lesion form,Donkey,theni,No,6 hindquarters,harness,8,superficial,bleeding,3 concerning,2 slight concern,a,parentAnimalId_animalId_1500983756975.jpg,
Jul,25/07/2017,5:26 PM,28/07/2017 06:13,10.01857941,77.33795469,,D-250717172601-86-266,Nilgiris,ITC Donkey Clinics,EmmaRayner,Donkey lesion form,Donkey,theni,No,2 head,mutilation(nose split),6,mutilation,scar,1 minor,1 minor,a,,
Jul,25/07/2017,5:26 PM,28/07/2017 06:13,10.01857941,77.33795469,,D-250717172628-86-267,Nilgiris,ITC Donkey Clinics,EmmaRayner,Donkey lesion form,Donkey,theni,No,2 head,mutilation(ear split),5,mutilation,scar,1 minor,1 minor,a,parentAnimalId_animalId_1500983821412.jpg,
Jul,25/07/2017,5:27 PM,28/07/2017 06:13,10.01846618,77.3379962,,D-250717172732-86-268,Nilgiris,ITC Donkey Clinics,EmmaRayner,Donkey lesion form,Donkey,theni,No,6 hindquarters,harness,5,superficial,granulation,2 slight concern,1 minor,a,parentAnimalId_animalId_1500983882734.jpg,
Jul,25/07/2017,5:28 PM,28/07/2017 06:13,10.01846618,77.3379962,,D-250717172806-86-269,Nilgiris,ITC Donkey Clinics,EmmaRayner,Donkey lesion form,Donkey,theni,No,7 legs,mutilation(branding),6,mutilation,scar,1 minor,1 minor,a,,
Jul,25/07/2017,5:56 PM,28/07/2017 06:13,10.00155175,77.35359277,,D-250717175630-86-270,Nilgiris,ITC Donkey Clinics,EmmaRayner,Donkey lesion form,Donkey,theni,No,4 shoulder,mutilation(branding),50,mutilation,scar,1 minor,1 minor,a,,
Jul,25/07/2017,6:00 PM,28/07/2017 06:13,10.00158227,77.35373448,,D-250717180033-86-271,Nilgiris,ITC Donkey Clinics,EmmaRayner,Donkey lesion form,Donkey,theni,No,5 midsection,harness,5,superficial,exudative,2 slight concern,1 minor,a,,
Jul,25/07/2017,6:05 PM,28/07/2017 06:13,10.00153239,77.35358123,,D-250717180528-86-272,Nilgiris,ITC Donkey Clinics,EmmaRayner,Donkey lesion form,Donkey,theni,No,6 hindquarters,harness,5,superficial,exudative,2 slight concern,2 slight concern,a,parentAnimalId_animalId_1500986270457.jpg,
Jul,25/07/2017,6:08 PM,28/07/2017 06:13,10.00059907,77.35373001,,D-250717180814-86-273,Nilgiris,ITC Donkey Clinics,EmmaRayner,Donkey lesion form,Donkey,theni,No,6 hindquarters,harness,5,superficial,exudative,3 concerning,2 slight concern,a,,
Jul,25/07/2017,6:09 PM,28/07/2017 06:13,10.00119994,77.35270999,,D-250717180912-86-274,Nilgiris,ITC Donkey Clinics,EmmaRayner,Donkey lesion form,Donkey,theni,No,5 midsection,harness,4,alopecia,granulation,1 minor,1 minor,a,parentAnimalId_animalId_1500986412972.jpg,
Jul,25/07/2017,6:11 PM,28/07/2017 06:13,10.00114285,77.35292292,,D-250717181151-86-275,Nilgiris,ITC Donkey Clinics,EmmaRayner,Donkey lesion form,Donkey,theni,No,6 hindquarters,harness,6,superficial,exudative,2 slight concern,2 slight concern,a,parentAnimalId_animalId_1500986542751.jpg,
Jul,25/07/2017,6:13 PM,28/07/2017 06:13,10.00095172,77.35322685,,D-250717181345-86-276,Nilgiris,ITC Donkey Clinics,EmmaRayner,Donkey lesion form,Donkey,theni,No,5 midsection,harness,6,superficial,granulation,1 minor,2 slight concern,a,,
Jul,25/07/2017,6:16 PM,28/07/2017 06:13,10.00121019,77.35292048,,D-250717181620-86-277,Nilgiris,ITC Donkey Clinics,EmmaRayner,Donkey lesion form,Donkey,theni,No,2 head,mutilation(nose split),6,mutilation,scar,1 minor,1 minor,a,parentAnimalId_animalId_1500986840178.jpg,
Jul,25/07/2017,6:17 PM,28/07/2017 06:13,10.00121019,77.35292048,,D-250717181722-86-278,Nilgiris,ITC Donkey Clinics,EmmaRayner,Donkey lesion form,Donkey,theni,No,2 head,mutilation(ear split),6,mutilation,scar,1 minor,1 minor,a,,
Jul,25/07/2017,6:22 PM,28/07/2017 06:13,10.00141141,77.35337351,,D-250717182223-86-279,Nilgiris,ITC Donkey Clinics,EmmaRayner,Donkey lesion form,Donkey,theni,No,2 head,mutilation(nose split),6,mutilation,scar,1 minor,1 minor,a,,
Jul,25/07/2017,6:23 PM,28/07/2017 06:13,10.00140588,77.35330413,,D-250717182337-86-280,Nilgiris,ITC Donkey Clinics,EmmaRayner,Donkey lesion form,Donkey,theni,No,2 head,mutilation(nose split),7,mutilation,scar,1 minor,1 minor,a,,
Jul,25/07/2017,6:28 PM,28/07/2017 06:13,10.00115336,77.35289371,,D-250717182843-86-281,Nilgiris,ITC Donkey Clinics,EmmaRayner,Donkey lesion form,Donkey,theni,No,2 head,mutilation(nose split),8,mutilation,scar,1 minor,1 minor,a,,
Jul,25/07/2017,6:30 PM,28/07/2017 06:13,10.00115743,77.35290789,,D-250717183016-86-282,Nilgiris,ITC Donkey Clinics,EmmaRayner,Donkey lesion form,Donkey,theni,No,2 head,mutilation(ear split),7,mutilation,scar,1 minor,1 minor,a,,
Jul,25/07/2017,6:30 PM,28/07/2017 06:13,10.00115743,77.35290789,,D-250717183032-86-283,Nilgiris,ITC Donkey Clinics,EmmaRayner,Donkey lesion form,Donkey,theni,No,2 head,mutilation(nose split),6,mutilation,scar,1 minor,1 minor,a,,
Jul,25/07/2017,7:20 PM,28/07/2017 06:13,10.00143082,77.35277245,,D-250717192046-86-284,Nilgiris,ITC Donkey Clinics,EmmaRayner,Donkey lesion form,Donkey,theni,No,2 head,other(tumour),06-Aug,superficial,exudative,3 concerning,2 slight concern,a,parentAnimalId_animalId_1500990702752.jpg,
Jul,25/07/2017,7:22 PM,28/07/2017 06:13,10.00143599,77.35270782,,D-250717192224-86-285,Nilgiris,ITC Donkey Clinics,EmmaRayner,Donkey lesion form,Donkey,theni,No,6 hindquarters,harness,6,superficial,exudative,2 slight concern,2 slight concern,a,parentAnimalId_animalId_1500990782913.jpg,
Jul,25/07/2017,7:23 PM,28/07/2017 06:13,10.00136228,77.35274856,,D-250717192334-86-286,Nilgiris,ITC Donkey Clinics,EmmaRayner,Donkey lesion form,Donkey,theni,No,6 hindquarters,harness,6,superficial,exudative,2 slight concern,2 slight concern,a,,
Jul,25/07/2017,7:25 PM,28/07/2017 06:13,10.00139837,77.35275301,,D-250717192501-86-287,Nilgiris,ITC Donkey Clinics,EmmaRayner,Donkey lesion form,Donkey,theni,No,2 head,mutilation(nose split),6,mutilation,scar,1 minor,1 minor,a,,
Jul,25/07/2017,7:25 PM,28/07/2017 06:13,10.00141169,77.35275265,,D-250717192551-86-288,Nilgiris,ITC Donkey Clinics,EmmaRayner,Donkey lesion form,Donkey,theni,No,2 head,mutilation(nose split),6,mutilation,scar,1 minor,1 minor,a,,
Jul,25/07/2017,7:26 PM,28/07/2017 06:13,10.00140151,77.35275497,,D-250717192656-86-289,Nilgiris,ITC Donkey Clinics,EmmaRayner,Donkey lesion form,Donkey,theni,No,5 midsection,harness,5,superficial,granulation,2 slight concern,1 minor,a,parentAnimalId_animalId_1500991076105.jpg,
Jul,25/07/2017,7:29 PM,28/07/2017 06:13,10.00139064,77.35277448,,D-250717192947-86-290,Nilgiris,ITC Donkey Clinics,EmmaRayner,Donkey lesion form,Donkey,theni,No,2 head,mutilation(nose split),7,mutilation,scar,1 minor,1 minor,a,,
Jul,25/07/2017,7:30 PM,28/07/2017 06:13,10.00143022,77.35276142,,D-250717193032-86-291,Nilgiris,ITC Donkey Clinics,EmmaRayner,Donkey lesion form,Donkey,theni,No,5 midsection,harness,6,superficial,exudative,2 slight concern,1 minor,a ,parentAnimalId_animalId_1500991259809.jpg,
Jul,25/07/2017,7:31 PM,28/07/2017 06:13,10.00144961,77.35273795,,D-250717193131-86-292,Nilgiris,ITC Donkey Clinics,EmmaRayner,Donkey lesion form,Donkey,theni,No,5 midsection,harness,6,superficial,granulation,1 minor,1 minor,a,parentAnimalId_animalId_1500991324621.jpg,
Jul,25/07/2017,7:32 PM,28/07/2017 06:13,10.00144961,77.35273795,,D-250717193223-86-293,Nilgiris,ITC Donkey Clinics,EmmaRayner,Donkey lesion form,Donkey,theni,No,6 hindquarters,harness,6,superficial,bleeding,2 slight concern,1 minor,a,parentAnimalId_animalId_1500991373146.jpg,
Jul,25/07/2017,7:33 PM,28/07/2017 06:13,10.00144416,77.35275709,,D-250717193327-86-294,Nilgiris,ITC Donkey Clinics,EmmaRayner,Donkey lesion form,Donkey,theni,No,4 shoulder,mutilation(branding),30,mutilation,scar,1 minor,1 minor,a,parentAnimalId_animalId_1500991447631.jpg,
Jul,25/07/2017,7:34 PM,28/07/2017 06:13,10.00144416,77.35275709,,D-250717193411-86-295,Nilgiris,ITC Donkey Clinics,EmmaRayner,Donkey lesion form,Donkey,theni,No,2 head,mutilation(nose split),8,mutilation,scar,1 minor,1 minor,a,,
Jul,25/07/2017,7:51 PM,28/07/2017 06:13,10.00141089,77.35275429,,D-250717195133-86-296,Nilgiris,ITC Donkey Clinics,EmmaRayner,Donkey lesion form,Donkey,theni,No,2 head,mutilation(nose split),6,mutilation,scar,1 minor,1 minor,a,,
Jul,25/07/2017,7:53 PM,28/07/2017 06:13,10.00141089,77.35275429,,D-250717195322-86-297,Nilgiris,ITC Donkey Clinics,EmmaRayner,Donkey lesion form,Donkey,theni,No,2 head,mutilation(ear split),6,mutilation,scar,1 minor,1 minor,a,,
Jul,25/07/2017,7:56 PM,28/07/2017 06:13,10.00141466,77.35275314,,D-250717195608-86-298,Nilgiris,ITC Donkey Clinics,EmmaRayner,Donkey lesion form,Donkey,theni,No,2 head,mutilation(nose split),6,mutilation,scar,1 minor,1 minor,a,,
