Month Created,Date Created,Time Created,Syncing Date,Latitude,Longitude,AnswerCode,RegionName,ProjectName,UserName,FormName,SpeciesName,WardLocation,GpsDeleted,ownerID,gender,age,primary work type,working_hours,working_days,stress hours,rest periods,presentation reason,other presentation description,health issues,other illness description,BCS,coat condition,demenour,hydration status,ocular disch status,nasal disch status,vulva penile disch,ecto status,diarrhoea status,cheek palp status,cheek palp description,heat stroke status,lesion status,tx given,Lesion form,comments,lameness status,lameness severity,secondary purpose
Oct,03/10/2016,1:57 PM,26/04/2017 15:12,12.31308417,78.28511727,E-031016135702-86-16,Nilgiris,ITC Donkey Clinics,EmmaRayner,Equine assessment form 1,Donkey,krishnagiri,No,3,stallion,3y to 10y,pack,less than 4h,1,no,5,"worming,tx",,lameness,,2,unhealthy,alert,normal,no occ,no nasal,no vulvpen disch,absent,no diarr,cheek norm,,no heat stroke,yes lesions,"NSAIDs,other(turpentine liniment)",D-250417102824-86-18,,yes lame(LF),mild,
Oct,03/10/2016,2:19 PM,26/04/2017 15:12,12.313077,78.28499713,E-031016141919-86-17,Nilgiris,ITC Donkey Clinics,EmmaRayner,Equine assessment form 1,Donkey,krishnagiri,No,3,stallion,6m to 3y,pack,less than 4h,1,no,5,worming,,other,good,2,unhealthy,alert,normal,no occ,no nasal,no vulvpen disch,absent,no diarr,cheek norm,,no heat stroke,yes lesions,ivermec,D-031016142655-86-19,,not lame,,
Oct,03/10/2016,2:27 PM,26/04/2017 15:12,12.31305059,78.28539606,E-031016142721-86-18,Nilgiris,ITC Donkey Clinics,EmmaRayner,Equine assessment form 1,Donkey,krishnagiri,No,3,stallion,6m to 3y,pack,less than 4h,1,no,5,worming,,other,good,3,healthy,alert,normal,no occ,no nasal,no vulvpen disch,absent,no diarr,cheek norm,,no heat stroke,no,ivermec,,,not lame,,
Oct,03/10/2016,2:28 PM,26/04/2017 15:12,12.31305348,78.28547966,E-031016142834-86-19,Nilgiris,ITC Donkey Clinics,EmmaRayner,Equine assessment form 1,Donkey,krishnagiri,No,3,stallion,3y to 10y,pack,less than 4h,1,no,5,worming,,other,good,3,healthy,alert,normal,no occ,no nasal,no vulvpen disch,absent,no diarr,cheek norm,,no heat stroke,no,ivermec,,,not lame,,
Oct,03/10/2016,2:39 PM,26/04/2017 15:12,12.31545864,78.28512423,E-031016143907-86-20,Nilgiris,ITC Donkey Clinics,EmmaRayner,Equine assessment form 1,Donkey,krishnagiri,No,4,stallion,3y to 10y,pack,4h to 8h,7,no,3,worming,,other,good,3,healthy,alert,normal,no occ,no nasal,no vulvpen disch,absent,no diarr,cheek norm,,no heat stroke,yes lesions,ivermec,D-031016144622-86-20,,not lame,,
Oct,03/10/2016,2:47 PM,26/04/2017 15:12,12.31540904,78.28514963,E-031016144707-86-21,Nilgiris,ITC Donkey Clinics,EmmaRayner,Equine assessment form 1,Donkey,krishnagiri,No,4,stallion,6m to 3y,pack,4h to 8h,7,no,6,worming,,other,good,2,unhealthy,alert,normal,no occ,no nasal,no vulvpen disch,absent,no diarr,cheek norm,,no heat stroke,no,ivermec,,,not lame,,
Oct,03/10/2016,2:49 PM,26/04/2017 15:12,12.31547514,78.28521149,E-031016144910-86-22,Nilgiris,ITC Donkey Clinics,EmmaRayner,Equine assessment form 1,Donkey,krishnagiri,No,4,stallion,6m to 3y,pack,4h to 8h,7,no,6,worming,,other,good,3,healthy,alert,normal,no occ,no nasal,no vulvpen disch,absent,no diarr,cheek norm,,no heat stroke,no,ivermec,,,not lame,,
Oct,03/10/2016,2:51 PM,26/04/2017 15:12,12.31543179,78.28518954,E-031016145103-86-23,Nilgiris,ITC Donkey Clinics,EmmaRayner,Equine assessment form 1,Donkey,krishnagiri,No,4,stallion,3y to 10y,pack,4h to 8h,7,no,6,worming,,other,good,3,healthy,alert,normal,no occ,no nasal,no vulvpen disch,absent,no diarr,cheek norm,,no heat stroke,no,ivermec,,,not lame,,
Oct,03/10/2016,2:54 PM,26/04/2017 15:12,12.31552102,78.28515536,E-031016145442-86-24,Nilgiris,ITC Donkey Clinics,EmmaRayner,Equine assessment form 1,Donkey,krishnagiri,No,5,stallion,6m to 3y,pack,less than 4h,1,no,6,"vacc,worming",,other,good,3,healthy,alert,normal,no occ,no nasal,no vulvpen disch,absent,no diarr,cheek norm,,no heat stroke,yes lesions,ivermec,D-031016145951-86-21,,not lame,,
Oct,03/10/2016,3:00 PM,26/04/2017 15:12,12.31554598,78.28514374,E-031016150053-86-25,Nilgiris,ITC Donkey Clinics,EmmaRayner,Equine assessment form 1,Donkey,krishnagiri,No,5,stallion,6m to 3y,pack,less than 4h,1,no,6,"vacc,worming",,other,good,3,healthy,alert,normal,no occ,no nasal,no vulvpen disch,absent,no diarr,cheek norm,,no heat stroke,no,ivermec,,,not lame,,
Oct,03/10/2016,3:02 PM,26/04/2017 15:12,12.31557246,78.28514066,E-031016150209-86-26,Nilgiris,ITC Donkey Clinics,EmmaRayner,Equine assessment form 1,Donkey,krishnagiri,No,5,stallion,3y to 10y,pack,less than 4h,1,no,6,"vacc,worming,tx",,lameness,,3,healthy,alert,normal,no occ,no nasal,no vulvpen disch,absent,no diarr,cheek norm,,no heat stroke,no,NSAIDs,,,yes lame(RF),mild,
Oct,03/10/2016,3:03 PM,26/04/2017 15:12,12.31557236,78.2851295,E-031016150356-86-27,Nilgiris,ITC Donkey Clinics,EmmaRayner,Equine assessment form 1,Donkey,krishnagiri,No,5,stallion,6m to 3y,pack,less than 4h,1,no,6,"vacc,worming",,other,good,3,healthy,alert,normal,no occ,no nasal,no vulvpen disch,absent,no diarr,cheek norm,,no heat stroke,no,ivermec,,,not lame,,
Oct,03/10/2016,3:07 PM,26/04/2017 15:12,12.31560004,78.28510941,E-031016150701-86-28,Nilgiris,ITC Donkey Clinics,EmmaRayner,Equine assessment form 1,Donkey,krishnagiri,No,5,stallion,6m to 3y,pack,less than 4h,1,no,6,"vacc,worming",,other,good,3,unhealthy,alert,normal,no occ,no nasal,no vulvpen disch,absent,no diarr,cheek norm,,no heat stroke,no,ivermec,,,not lame,,
Oct,03/10/2016,3:12 PM,26/04/2017 15:12,12.3157805,78.2839327,E-031016151244-86-29,Nilgiris,ITC Donkey Clinics,EmmaRayner,Equine assessment form 1,Donkey,krishnagiri,No,6,stallion,3y to 10y,pack,less than 4h,1,no,6,worming,,other,good,3,healthy,alert,normal,no occ,no nasal,no vulvpen disch,absent,no diarr,cheek norm,,no heat stroke,no,ivermec,,,not lame,,
Oct,03/10/2016,3:17 PM,26/04/2017 15:12,12.31570922,78.28396496,E-031016151738-86-30,Nilgiris,ITC Donkey Clinics,EmmaRayner,Equine assessment form 1,Donkey,krishnagiri,No,6,stallion,6m to 3y,pack,less than 4h,1,no,6,worming,,other,good,3,healthy,alert,normal,no occ,no nasal,no vulvpen disch,mild,no diarr,cheek norm,,no heat stroke,no,ivermec,,,not lame,,
Oct,03/10/2016,3:19 PM,26/04/2017 15:12,12.4495847,78.20419725,E-031016151939-86-65,Nilgiris,ITC Donkey Clinics,EmmaRayner,Equine assessment form 1,Donkey,krishnagiri,No,12,stallion,3y to 10y,pack,4h to 8h,4,no,5,"vacc,worming",,other,good,3,healthy,alert,normal,no occ,no nasal,no vulvpen disch,absent,no diarr,cheek norm,,no heat stroke,no,ivermec,,,not lame,,
Oct,03/10/2016,3:20 PM,26/04/2017 15:12,12.31579139,78.28390245,E-031016152009-86-31,Nilgiris,ITC Donkey Clinics,EmmaRayner,Equine assessment form 1,Donkey,krishnagiri,No,6,stallion,3y to 10y,pack,less than 4h,1,no,6,worming,,other,good,3,healthy,alert,normal,no occ,no nasal,no vulvpen disch,absent,no diarr,cheek norm,,no heat stroke,no,ivermec,,,not lame,,
Oct,03/10/2016,3:20 PM,26/04/2017 15:12,12.31578939,78.28390298,E-031016152046-86-32,Nilgiris,ITC Donkey Clinics,EmmaRayner,Equine assessment form 1,Donkey,krishnagiri,No,6,stallion,3y to 10y,pack,less than 4h,1,no,6,worming,,other,good,3,healthy,alert,normal,no occ,no nasal,no vulvpen disch,absent,no diarr,cheek norm,,no heat stroke,no,ivermec,,one donkey died of suspected rabies last week,not lame,,
Oct,03/10/2016,3:21 PM,26/04/2017 15:12,12.44964106,78.20420382,E-031016152105-86-66,Nilgiris,ITC Donkey Clinics,EmmaRayner,Equine assessment form 1,Donkey,krishnagiri,No,12,stallion,6m to 3y,pack,4h to 8h,4,no,5,"vacc,worming",,other,good,3,healthy,alert,normal,no occ,no nasal,no vulvpen disch,absent,no diarr,cheek norm,,no heat stroke,no,ivermec,,,not lame,,
Oct,03/10/2016,3:22 PM,26/04/2017 15:12,12.44962895,78.20419152,E-031016152228-86-67,Nilgiris,ITC Donkey Clinics,EmmaRayner,Equine assessment form 1,Donkey,krishnagiri,No,12,stallion,3y to 10y,pack,4h to 8h,4,no,5,"vacc,worming",,other,good,3,healthy,alert,normal,no occ,no nasal,no vulvpen disch,absent,no diarr,cheek norm,,no heat stroke,no,ivermec,,,not lame,,
Oct,03/10/2016,3:23 PM,26/04/2017 15:12,12.32220069,78.28091259,E-031016152321-86-33,Nilgiris,ITC Donkey Clinics,EmmaRayner,Equine assessment form 1,Donkey,krishnagiri,No,7,stallion,6m to 3y,pack,less than 4h,1,no,6,"worming,tx",,wounds,,3,healthy,alert,normal,no occ,no nasal,no vulvpen disch,absent,no diarr,cheek norm,,no heat stroke,yes lesions,"antibiotic,NSAIDs,ivermec",D-031016154013-86-22,,not lame,,
Oct,03/10/2016,3:23 PM,26/04/2017 15:12,12.44963388,78.20419173,E-031016152337-86-68,Nilgiris,ITC Donkey Clinics,EmmaRayner,Equine assessment form 1,Donkey,krishnagiri,No,13,stallion,6m to 3y,pack,4h to 8h,4,no,5,"vacc,worming",,other,good,3,healthy,alert,normal,no occ,no nasal,no vulvpen disch,absent,no diarr,cheek norm,,no heat stroke,yes lesions,ivermec,"D-031016175031-86-31,D-031016152700-86-32",,not lame,,
Oct,03/10/2016,3:27 PM,26/04/2017 15:12,12.44965701,78.20419248,E-031016152738-86-69,Nilgiris,ITC Donkey Clinics,EmmaRayner,Equine assessment form 1,Donkey,krishnagiri,No,13,stallion,6m to 3y,pack,4h to 8h,4,no,5,"vacc,worming",,other,good,3,healthy,alert,normal,no occ,no nasal,no vulvpen disch,absent,no diarr,cheek norm,,no heat stroke,no,ivermec,,,not lame,,
Oct,03/10/2016,3:30 PM,26/04/2017 15:12,12.44965179,78.20418253,E-031016153007-86-70,Nilgiris,ITC Donkey Clinics,EmmaRayner,Equine assessment form 1,Donkey,krishnagiri,No,13,stallion,6m to 3y,pack,4h to 8h,4,no,5,"vacc,worming",,other,good,3,healthy,alert,normal,no occ,no nasal,no vulvpen disch,absent,no diarr,cheek norm,,no heat stroke,no,ivermec,,,not lame,,
Oct,03/10/2016,3:31 PM,26/04/2017 15:12,12.44968558,78.20422348,E-031016153105-86-71,Nilgiris,ITC Donkey Clinics,EmmaRayner,Equine assessment form 1,Donkey,krishnagiri,No,14,stallion,3y to 10y,pack,4h to 8h,4,no,5,"vacc,worming",,wounds,,3,healthy,alert,normal,no occ,no nasal,no vulvpen disch,absent,no diarr,cheek norm,,no heat stroke,yes lesions,ivermec,D-031016153431-86-33,,not lame,,
Oct,03/10/2016,3:36 PM,26/04/2017 15:12,12.44967453,78.20420565,E-031016153613-86-72,Nilgiris,ITC Donkey Clinics,EmmaRayner,Equine assessment form 1,Donkey,krishnagiri,No,14,stallion,3y to 10y,pack,4h to 8h,4,no,5,"vacc,worming",,other,good,3,healthy,alert,normal,no occ,no nasal,no vulvpen disch,absent,no diarr,cheek norm,,no heat stroke,no,ivermec,,,not lame,,
Oct,03/10/2016,3:37 PM,26/04/2017 15:12,12.44968167,78.20418119,E-031016153713-86-73,Nilgiris,ITC Donkey Clinics,EmmaRayner,Equine assessment form 1,Donkey,krishnagiri,No,14,stallion,6m to 3y,pack,4h to 8h,4,no,6,worming,,other,good,3,healthy,alert,normal,no occ,no nasal,no vulvpen disch,absent,no diarr,cheek norm,,no heat stroke,no,ivermec,,,not lame,,
Oct,03/10/2016,3:38 PM,26/04/2017 15:12,12.44972022,78.20415404,E-031016153801-86-74,Nilgiris,ITC Donkey Clinics,EmmaRayner,Equine assessment form 1,Donkey,krishnagiri,No,15,stallion,3y to 10y,pack,4h to 8h,4,no,5,worming,,other,good,3,healthy,alert,normal,no occ,no nasal,no vulvpen disch,absent,no diarr,cheek norm,,no heat stroke,yes lesions,ivermec,D-031016154240-86-34,,not lame,,
Oct,03/10/2016,3:41 PM,26/04/2017 15:12,12.32211206,78.28092471,E-031016154104-86-34,Nilgiris,ITC Donkey Clinics,EmmaRayner,Equine assessment form 1,Donkey,krishnagiri,No,7,stallion,3y to 10y,pack,less than 4h,1,no,6,worming,,other,good,3,healthy,alert,normal,no occ,no nasal,no vulvpen disch,absent,no diarr,cheek norm,,no heat stroke,no,ivermec,,,not lame,,
Oct,03/10/2016,3:41 PM,26/04/2017 15:12,12.322099,78.28091165,E-031016154153-86-35,Nilgiris,ITC Donkey Clinics,EmmaRayner,Equine assessment form 1,Donkey,krishnagiri,No,7,stallion,6m to 3y,pack,less than 4h,1,no,6,worming,,other,good,3,healthy,alert,normal,no occ,no nasal,no vulvpen disch,absent,no diarr,cheek norm,,no heat stroke,no,ivermec,,,not lame,,
Oct,03/10/2016,3:42 PM,26/04/2017 15:12,12.3359656,78.27256841,E-031016154249-86-36,Nilgiris,ITC Donkey Clinics,EmmaRayner,Equine assessment form 1,Donkey,krishnagiri,No,8,stallion,6m to 3y,pack,less than 4h,1,no,6,tx,,wounds,,3,unhealthy,alert,mild,no occ,no nasal,no vulvpen disch,absent,no diarr,cheek norm,,yes heat stroke,yes lesions,"ivermec,other(wound cleaning)",D-031016154147-86-23,,not lame,,
Oct,03/10/2016,3:43 PM,26/04/2017 15:12,12.44971547,78.20419529,E-031016154323-86-75,Nilgiris,ITC Donkey Clinics,EmmaRayner,Equine assessment form 1,Donkey,krishnagiri,No,15,stallion,6m to 3y,pack,4h to 8h,4,no,5,worming,,"lameness,other",good,3,healthy,alert,normal,no occ,no nasal,no vulvpen disch,absent,no diarr,cheek norm,,no heat stroke,no,ivermec,,,not lame,,
Oct,03/10/2016,3:44 PM,26/04/2017 15:12,12.44971136,78.20420744,E-031016154456-86-76,Nilgiris,ITC Donkey Clinics,EmmaRayner,Equine assessment form 1,Donkey,krishnagiri,No,15,gelding,3y to 10y,pack,4h to 8h,4,no,6,worming,,other,good,3,healthy,alert,normal,no occ,no nasal,no vulvpen disch,absent,no diarr,cheek norm,,no heat stroke,no,ivermec,,,not lame,,
Oct,03/10/2016,3:46 PM,26/04/2017 15:12,12.44967192,78.20418119,E-031016154622-86-77,Nilgiris,ITC Donkey Clinics,EmmaRayner,Equine assessment form 1,Donkey,krishnagiri,No,15,stallion,3y to 10y,pack,4h to 8h,4,no,5,worming,,other,good,3,healthy,alert,normal,no occ,no nasal,no vulvpen disch,absent,no diarr,cheek norm,,no heat stroke,no,ivermec,,,not lame,,
Oct,03/10/2016,3:47 PM,26/04/2017 15:12,12.44975442,78.20426626,E-031016154743-86-78,Nilgiris,ITC Donkey Clinics,EmmaRayner,Equine assessment form 1,Donkey,krishnagiri,No,16,stallion,6m to 3y,pack,4h to 8h,4,no,6,"vacc,worming",,wounds,,3,healthy,alert,normal,no occ,no nasal,no vulvpen disch,absent,no diarr,cheek norm,,no heat stroke,yes lesions,ivermec,D-031016155531-86-35,,not lame,,
Oct,03/10/2016,3:56 PM,26/04/2017 15:12,12.44980847,78.20429847,E-031016155638-86-79,Nilgiris,ITC Donkey Clinics,EmmaRayner,Equine assessment form 1,Donkey,krishnagiri,No,16,stallion,6m to 3y,pack,4h to 8h,4,no,4,"vacc,worming",,wounds,,3,healthy,alert,normal,no occ,no nasal,no vulvpen disch,absent,no diarr,cheek norm,,no heat stroke,yes lesions,ivermec,"D-031016155745-86-36,D-031016155844-86-37",,not lame,,
Oct,03/10/2016,3:59 PM,26/04/2017 15:12,12.44977555,78.20427792,E-031016155934-86-80,Nilgiris,ITC Donkey Clinics,EmmaRayner,Equine assessment form 1,Donkey,krishnagiri,No,16,stallion,6m to 3y,pack,4h to 8h,4,no,5,worming,,other,good,3,healthy,alert,normal,no occ,no nasal,no vulvpen disch,absent,no diarr,cheek norm,,no heat stroke,yes lesions,ivermec,"D-031016160027-86-38,D-031016160107-86-39",,not lame,,
Oct,03/10/2016,4:01 PM,26/04/2017 15:12,12.44978224,78.20435371,E-031016160139-86-81,Nilgiris,ITC Donkey Clinics,EmmaRayner,Equine assessment form 1,Donkey,krishnagiri,No,16,stallion,6m to 3y,pack,4h to 8h,4,no,6,worming,,other,good,3,healthy,alert,normal,no occ,no nasal,no vulvpen disch,absent,no diarr,cheek norm,,no heat stroke,yes lesions,ivermec,"D-031016160228-86-40,D-031016160228-86-40",,not lame,,
Oct,03/10/2016,4:04 PM,26/04/2017 15:12,12.44970421,78.20414387,E-031016160411-86-82,Nilgiris,ITC Donkey Clinics,EmmaRayner,Equine assessment form 1,Donkey,krishnagiri,No,17,stallion,6m to 3y,pack,4h to 8h,6,no,6,worming,,other,good ,3,healthy,alert,normal,no occ,no nasal,no vulvpen disch,absent,no diarr,cheek norm,,no heat stroke,yes lesions,ivermec,"D-031016160554-86-41,D-031016160633-86-42",,not lame,,
Oct,03/10/2016,4:07 PM,26/04/2017 15:12,12.44970672,78.2041609,E-031016160717-86-83,Nilgiris,ITC Donkey Clinics,EmmaRayner,Equine assessment form 1,Donkey,krishnagiri,No,17,stallion,6m to 3y,pack,4h to 8h,6,no,5,worming,,other,good,3,healthy,alert,normal,no occ,no nasal,no vulvpen disch,absent,no diarr,cheek norm,,no heat stroke,yes lesions,ivermec,D-031016160830-86-43,,not lame,,
Oct,03/10/2016,4:08 PM,26/04/2017 15:12,12.33597774,78.27257047,E-031016160852-86-37,Nilgiris,ITC Donkey Clinics,EmmaRayner,Equine assessment form 1,Donkey,krishnagiri,No,8,stallion,6m to 3y,pack,less than 4h,1,no,6,other,study,nutrition,,2,unhealthy,alert,moderate,no occ,no nasal,no vulvpen disch,absent,no diarr,cheek norm,,yes heat stroke,no,other(supplements),,,not lame,,
Oct,03/10/2016,4:09 PM,26/04/2017 15:12,12.44966824,78.20420417,E-031016160908-86-84,Nilgiris,ITC Donkey Clinics,EmmaRayner,Equine assessment form 1,Donkey,krishnagiri,No,17,stallion,3y to 10y,pack,4h to 8h,6,no,5,worming,,other,good,3,healthy,alert,normal,no occ,no nasal,no vulvpen disch,absent,no diarr,cheek norm,,no heat stroke,no,ivermec,,,not lame,,
Oct,03/10/2016,4:09 PM,26/04/2017 15:12,12.33597934,78.27257598,E-031016160954-86-38,Nilgiris,ITC Donkey Clinics,EmmaRayner,Equine assessment form 1,Donkey,krishnagiri,No,8,stallion,3y to 10y,pack,less than 4h,1,no,6,other,study,nutrition,,2,healthy,alert,mild,no occ,no nasal,no vulvpen disch,absent,no diarr,cheek norm,,no heat stroke,no,other(study),,,not lame,,
Oct,03/10/2016,4:09 PM,26/04/2017 15:12,12.44968626,78.20422219,E-031016160955-86-85,Nilgiris,ITC Donkey Clinics,EmmaRayner,Equine assessment form 1,Donkey,krishnagiri,No,17,stallion,3y to 10y,pack,4h to 8h,6,no,6,worming,,other,good,3,healthy,alert,normal,no occ,no nasal,no vulvpen disch,absent,no diarr,cheek norm,,no heat stroke,no,ivermec,,,not lame,,
Oct,03/10/2016,4:10 PM,26/04/2017 15:12,12.44969526,78.20421433,E-031016161047-86-86,Nilgiris,ITC Donkey Clinics,EmmaRayner,Equine assessment form 1,Donkey,krishnagiri,No,17,stallion,6m to 3y,pack,4h to 8h,6,no,5,worming,,other,good,3,healthy,alert,normal,no occ,no nasal,no vulvpen disch,absent,no diarr,cheek norm,,no heat stroke,no,ivermec,,,not lame,,
Oct,03/10/2016,4:11 PM,26/04/2017 15:12,12.44968104,78.20420978,E-031016161140-86-87,Nilgiris,ITC Donkey Clinics,EmmaRayner,Equine assessment form 1,Donkey,krishnagiri,No,17,stallion,3y to 10y,pack,4h to 8h,6,no,5,worming,,other,good,3,healthy,alert,normal,no occ,no nasal,no vulvpen disch,absent,no diarr,cheek norm,,no heat stroke,yes lesions,ivermec,D-031016161302-86-44,,not lame,,
Oct,03/10/2016,4:12 PM,26/04/2017 15:12,12.35459269,78.26471907,E-031016161208-86-39,Nilgiris,ITC Donkey Clinics,EmmaRayner,Equine assessment form 1,Donkey,krishnagiri,No,9,stallion,3y to 10y,pack,less than 4h,1,no,6,"worming,tx",,wounds,,2,unhealthy,alert,normal,no occ,no nasal,no vulvpen disch,absent,no diarr,cheek norm,,no heat stroke,yes lesions,ivermec,D-031016164219-86-24,,not lame,,
Oct,03/10/2016,4:13 PM,26/04/2017 15:12,12.44966771,78.20416925,E-031016161343-86-88,Nilgiris,ITC Donkey Clinics,EmmaRayner,Equine assessment form 1,Donkey,krishnagiri,No,17,stallion,3y to 10y,pack,4h to 8h,6,no,6,worming,,other,good,3,healthy,alert,normal,no occ,no nasal,no vulvpen disch,absent,no diarr,cheek norm,,no heat stroke,no,ivermec,,,not lame,,
Oct,03/10/2016,4:15 PM,26/04/2017 15:12,12.44966053,78.20414311,E-031016161531-86-89,Nilgiris,ITC Donkey Clinics,EmmaRayner,Equine assessment form 1,Donkey,krishnagiri,No,18,stallion,3y to 10y,pack,4h to 8h,5,no,5,worming,,other,good,3,healthy,alert,normal,no occ,no nasal,no vulvpen disch,absent,no diarr,cheek norm,,no heat stroke,no,ivermec,,,not lame,,
Oct,03/10/2016,4:17 PM,26/04/2017 15:12,12.44966843,78.20412752,E-031016161755-86-90,Nilgiris,ITC Donkey Clinics,EmmaRayner,Equine assessment form 1,Donkey,krishnagiri,No,18,stallion,3y to 10y,pack,4h to 8h,5,no,5,worming,,other,good,3,healthy,alert,normal,no occ,no nasal,no vulvpen disch,absent,no diarr,cheek norm,,no heat stroke,no,ivermec,,,not lame,,
Oct,03/10/2016,4:18 PM,26/04/2017 15:12,12.44967859,78.20410176,E-031016161847-86-91,Nilgiris,ITC Donkey Clinics,EmmaRayner,Equine assessment form 1,Donkey,krishnagiri,No,18,stallion,3y to 10y,pack,4h to 8h,5,no,5,worming,,other,good,3,healthy,alert,normal,no occ,no nasal,no vulvpen disch,absent,no diarr,cheek norm,,no heat stroke,no,ivermec,,,not lame,,
Oct,03/10/2016,4:19 PM,26/04/2017 15:12,12.4612149,78.20698761,E-031016161949-86-92,Nilgiris,ITC Donkey Clinics,EmmaRayner,Equine assessment form 1,Donkey,krishnagiri,No,19,stallion,3y to 10y,pack,4h to 8h,2,no,5,"vacc,worming",,wounds,,3,healthy,alert,normal,no occ,no nasal,no vulvpen disch,absent,no diarr,cheek norm,,yes heat stroke,yes lesions,ivermec,D-031016170447-86-45,,not lame,,
Oct,03/10/2016,4:44 PM,26/04/2017 15:12,12.35428811,78.26489481,E-031016164409-86-40,Nilgiris,ITC Donkey Clinics,EmmaRayner,Equine assessment form 1,Donkey,krishnagiri,No,9,stallion,6m to 3y,pack,less than 4h,1,no,1,worming,,other,good,3,healthy,alert,normal,no occ,no nasal,no vulvpen disch,absent,no diarr,cheek norm,,no heat stroke,no,ivermec,,,not lame,,
Oct,03/10/2016,4:45 PM,26/04/2017 15:12,12.35430064,78.26489828,E-031016164559-86-41,Nilgiris,ITC Donkey Clinics,EmmaRayner,Equine assessment form 1,Donkey,krishnagiri,No,9,gelding,6m to 3y,pack,less than 4h,1,no,6,worming,,other,good,2,unhealthy,alert,normal,no occ,no nasal,no vulvpen disch,absent,no diarr,cheek norm,,no heat stroke,no,ivermec,,,not lame,,
Oct,03/10/2016,4:47 PM,26/04/2017 15:12,12.35432665,78.26482786,E-031016164727-86-42,Nilgiris,ITC Donkey Clinics,EmmaRayner,Equine assessment form 1,Donkey,krishnagiri,No,9,stallion,3y to 10y,pack,less than 4h,1,no,6,worming,,wounds,,3,unhealthy,alert,mild,no occ,no nasal,no vulvpen disch,absent,no diarr,cheek norm,,yes heat stroke,yes lesions,ivermec,D-031016164847-86-25,,not lame,,
Oct,03/10/2016,4:49 PM,26/04/2017 15:12,12.35430661,78.26485707,E-031016164937-86-43,Nilgiris,ITC Donkey Clinics,EmmaRayner,Equine assessment form 1,Donkey,krishnagiri,No,9,stallion,6m to 3y,pack,less than 4h,1,no,6,worming,,wounds,,3,healthy,alert,normal,no occ,no nasal,no vulvpen disch,absent,no diarr,cheek norm,,no heat stroke,yes lesions,ivermec,D-031016165032-86-26,,not lame,,
Oct,03/10/2016,4:52 PM,26/04/2017 15:12,12.3542672,78.26498187,E-031016165236-86-44,Nilgiris,ITC Donkey Clinics,EmmaRayner,Equine assessment form 1,Donkey,krishnagiri,No,9,stallion,3y to 10y,pack,less than 4h,1,no,6,worming,,wounds,,3,unhealthy,alert,normal,no occ,no nasal,no vulvpen disch,absent,no diarr,cheek norm,,no heat stroke,yes lesions,ivermec,D-031016165336-86-27,,not lame,,
Oct,03/10/2016,4:54 PM,26/04/2017 15:12,12.35463812,78.26479861,E-031016165422-86-45,Nilgiris,ITC Donkey Clinics,EmmaRayner,Equine assessment form 1,Donkey,krishnagiri,No,9,stallion,6m to 3y,pack,less than 4h,1,no,6,worming,,other,good,3,healthy,alert,mild,no occ,no nasal,no vulvpen disch,absent,no diarr,cheek norm,,no heat stroke,no,ivermec,,,not lame,,
Oct,03/10/2016,4:55 PM,26/04/2017 15:12,12.35460437,78.26476072,E-031016165509-86-46,Nilgiris,ITC Donkey Clinics,EmmaRayner,Equine assessment form 1,Donkey,krishnagiri,No,10,stallion,3y to 10y,pack,less than 4h,1,no,6,worming,,other,good,3,healthy,alert,normal,no occ,no nasal,no vulvpen disch,absent,no diarr,cheek norm,,no heat stroke,no,ivermec,,,not lame,,
Oct,03/10/2016,5:02 PM,26/04/2017 15:12,12.35459766,78.26477406,E-031016170207-86-47,Nilgiris,ITC Donkey Clinics,EmmaRayner,Equine assessment form 1,Donkey,krishnagiri,No,10,stallion,3y to 10y,pack,less than 4h,1,no,6,worming,,other,good,3,healthy,alert,normal,no occ,no nasal,no vulvpen disch,absent,no diarr,cheek norm,,no heat stroke,no,ivermec,,,not lame,,
Oct,03/10/2016,5:02 PM,26/04/2017 15:12,12.35460155,78.26477185,E-031016170254-86-48,Nilgiris,ITC Donkey Clinics,EmmaRayner,Equine assessment form 1,Donkey,krishnagiri,No,10,stallion,3y to 10y,pack,less than 4h,1,no,6,worming,,other,good,3,healthy,alert,normal,no occ,no nasal,no vulvpen disch,absent,no diarr,cheek norm,,no heat stroke,no,ivermec,,,not lame,,
Oct,03/10/2016,5:04 PM,26/04/2017 15:12,12.35462863,78.26478481,E-031016170443-86-49,Nilgiris,ITC Donkey Clinics,EmmaRayner,Equine assessment form 1,Donkey,krishnagiri,No,10,stallion,3y to 10y,pack,less than 4h,1,no,,worming,,other,good,3,healthy,alert,normal,no occ,no nasal,no vulvpen disch,absent,no diarr,cheek norm,,no heat stroke,no,ivermec,,,not lame,,
Oct,03/10/2016,5:05 PM,26/04/2017 15:12,12.46115751,78.20699864,E-031016170526-86-93,Nilgiris,ITC Donkey Clinics,EmmaRayner,Equine assessment form 1,Donkey,krishnagiri,No,19,stallion,3y to 10y,pack,4h to 8h,2,no,5,worming,,wounds,,3,healthy,alert,normal,no occ,no nasal,no vulvpen disch,absent,no diarr,cheek norm,,no heat stroke,no,ivermec,,,not lame,,
Oct,03/10/2016,5:06 PM,26/04/2017 15:12,12.35463987,78.26477911,E-031016170604-86-50,Nilgiris,ITC Donkey Clinics,EmmaRayner,Equine assessment form 1,Donkey,krishnagiri,No,10,stallion,3y to 10y,pack,less than 4h,1,no,,worming,,other,good,3,healthy,alert,normal,no occ,no nasal,no vulvpen disch,absent,no diarr,cheek norm,,no heat stroke,no,ivermec,,,not lame,,
Oct,03/10/2016,5:07 PM,26/04/2017 15:12,12.46112277,78.20701784,E-031016170703-86-94,Nilgiris,ITC Donkey Clinics,EmmaRayner,Equine assessment form 1,Donkey,krishnagiri,No,19,stallion,3y to 10y,pack,4h to 8h,2,no,5,worming,,other,good,3,healthy,alert,normal,no occ,no nasal,no vulvpen disch,absent,no diarr,cheek norm,,no heat stroke,no,ivermec,,,not lame,,
Oct,03/10/2016,5:07 PM,26/04/2017 15:12,12.35463636,78.26477812,E-031016170704-86-51,Nilgiris,ITC Donkey Clinics,EmmaRayner,Equine assessment form 1,Donkey,krishnagiri,No,10,stallion,3y to 10y,pack,less than 4h,1,no,,worming,,other,good,3,healthy,alert,normal,no occ,no nasal,no vulvpen disch,absent,no diarr,cheek norm,,no heat stroke,no,ivermec,,,not lame,,
Oct,03/10/2016,5:07 PM,26/04/2017 15:12,12.46113045,78.20702138,E-031016170749-86-95,Nilgiris,ITC Donkey Clinics,EmmaRayner,Equine assessment form 1,Donkey,krishnagiri,No,19,stallion,3y to 10y,pack,4h to 8h,2,no,5,"vacc,worming",,wounds,,3,healthy,alert,normal,no occ,no nasal,no vulvpen disch,absent,no diarr,cheek norm,,yes heat stroke,yes lesions,ivermec,D-031016170659-86-46,,not lame,,
Oct,03/10/2016,5:07 PM,26/04/2017 15:12,12.35463089,78.26477552,E-031016170758-86-52,Nilgiris,ITC Donkey Clinics,EmmaRayner,Equine assessment form 1,Donkey,krishnagiri,No,10,stallion,3y to 10y,pack,less than 4h,1,no,,worming,,other,good,3,healthy,alert,normal,no occ,no nasal,no vulvpen disch,absent,no diarr,cheek norm,,no heat stroke,no,ivermec,,,not lame,,
Oct,03/10/2016,5:08 PM,26/04/2017 15:12,12.35456892,78.26477191,E-031016170858-86-53,Nilgiris,ITC Donkey Clinics,EmmaRayner,Equine assessment form 1,Donkey,krishnagiri,No,11,stallion,6m to 3y,draft,less than 4h,1,no,6,worming,,other,good,3,healthy,alert,normal,no occ,no nasal,no vulvpen disch,absent,no diarr,cheek norm,,no heat stroke,yes lesions,ivermec,D-031016172109-86-28,,not lame,,
Oct,03/10/2016,5:09 PM,26/04/2017 15:12,12.46126219,78.20694468,E-031016170900-86-96,Nilgiris,ITC Donkey Clinics,EmmaRayner,Equine assessment form 1,Donkey,krishnagiri,No,19,stallion,3y to 10y,pack,4h to 8h,2,no,5,worming,,other,good,3,healthy,alert,normal,no occ,no nasal,no vulvpen disch,absent,no diarr,cheek norm,,no heat stroke,no,ivermec,,,not lame,,
Oct,03/10/2016,5:12 PM,26/04/2017 15:12,12.46123689,78.20695752,E-031016171227-86-97,Nilgiris,ITC Donkey Clinics,EmmaRayner,Equine assessment form 1,Donkey,krishnagiri,No,19,gelding,3y to 10y,pack,4h to 8h,2,no,5,worming,,other,good,3,healthy,alert,normal,no occ,no nasal,no vulvpen disch,absent,no diarr,cheek norm,,no heat stroke,no,ivermec,,,not lame,,
Oct,03/10/2016,5:15 PM,26/04/2017 15:12,12.46122935,78.20700404,E-031016171531-86-98,Nilgiris,ITC Donkey Clinics,EmmaRayner,Equine assessment form 1,Donkey,krishnagiri,No,19,gelding,3y to 10y,pack,4h to 8h,2,no,5,"vacc,worming",,other,good,3,healthy,alert,normal,no occ,no nasal,no vulvpen disch,absent,no diarr,cheek norm,,no heat stroke,no,ivermec,,,not lame,,
Oct,03/10/2016,5:17 PM,26/04/2017 15:12,12.45579775,78.21247954,E-031016171703-86-99,Nilgiris,ITC Donkey Clinics,EmmaRayner,Equine assessment form 1,Donkey,krishnagiri,No,20,stallion,3y to 10y,pack,4h to 8h,4,no,5,vacc,,other,good,3,healthy,alert,normal,no occ,no nasal,no vulvpen disch,absent,no diarr,cheek norm,,no heat stroke,no,other(none),,,not lame,,
Oct,03/10/2016,5:21 PM,26/04/2017 15:12,12.35554712,78.26665022,E-031016172158-86-54,Nilgiris,ITC Donkey Clinics,EmmaRayner,Equine assessment form 1,Donkey,krishnagiri,No,11,stallion,6m to 3y,pack,less than 4h,1,no,6,worming,,other,good,2,unhealthy,alert,mild,no occ,no nasal,no vulvpen disch,absent,no diarr,cheek norm,,yes heat stroke,no,ivermec,,,not lame,,
Oct,03/10/2016,5:23 PM,26/04/2017 15:12,12.35553588,78.2666416,E-031016172301-86-55,Nilgiris,ITC Donkey Clinics,EmmaRayner,Equine assessment form 1,Donkey,krishnagiri,No,11,stallion,3y to 10y,pack,less than 4h,1,no,6,worming,,other,good,3,healthy,alert,mild,no occ,no nasal,no vulvpen disch,absent,no diarr,cheek norm,,no heat stroke,yes lesions,ivermec,D-031016172521-86-29,,not lame,,
Oct,03/10/2016,5:26 PM,26/04/2017 15:12,12.35564325,78.26679845,E-031016172605-86-56,Nilgiris,ITC Donkey Clinics,EmmaRayner,Equine assessment form 1,Donkey,krishnagiri,No,11,stallion,3y to 10y,pack,less than 4h,1,no,6,worming,,wounds,,3,unhealthy,alert,normal,no occ,no nasal,no vulvpen disch,absent,no diarr,cheek norm,,no heat stroke,yes lesions,ivermec,D-031016172702-86-30,,not lame,,
Oct,03/10/2016,5:28 PM,26/04/2017 15:12,12.35559926,78.26663066,E-031016172814-86-57,Nilgiris,ITC Donkey Clinics,EmmaRayner,Equine assessment form 1,Donkey,krishnagiri,No,11,stallion,3y to 10y,pack,less than 4h,1,no,6,worming,,other,good,3,healthy,alert,normal,no occ,no nasal,no vulvpen disch,absent,no diarr,cheek norm,,no heat stroke,no,ivermec,,,not lame,,
Oct,03/10/2016,5:28 PM,26/04/2017 15:12,12.45579382,78.21247357,E-031016172832-86-100,Nilgiris,ITC Donkey Clinics,EmmaRayner,Equine assessment form 1,Donkey,krishnagiri,No,20,stallion,3y to 10y,pack,4h to 8h,4,no,5,vacc,,other,good,3,healthy,alert,normal,no occ,no nasal,no vulvpen disch,absent,no diarr,cheek norm,,no heat stroke,yes lesions,other(none),D-031016172923-86-47,,not lame,,
Oct,03/10/2016,5:29 PM,26/04/2017 15:12,12.35529685,78.26592839,E-031016172956-86-58,Nilgiris,ITC Donkey Clinics,EmmaRayner,Equine assessment form 1,Donkey,krishnagiri,No,10,stallion,3y to 10y,pack,less than 4h,1,no,6,"vacc,worming",,other,good,3,healthy,alert,normal,no occ,no nasal,no vulvpen disch,absent,no diarr,cheek norm,,no heat stroke,no,ivermec,,,not lame,,
Oct,03/10/2016,5:30 PM,26/04/2017 15:12,12.45578383,78.21247812,E-031016173001-86-101,Nilgiris,ITC Donkey Clinics,EmmaRayner,Equine assessment form 1,Donkey,krishnagiri,No,20,stallion,3y to 10y,pack,8h to 12h,4,no,5,other,,other,good,3,healthy,alert,normal,no occ,no nasal,no vulvpen disch,absent,no diarr,cheek norm,,no heat stroke,no,other(none),,,not lame,,
Oct,03/10/2016,5:31 PM,26/04/2017 15:12,12.45579571,78.21245088,E-031016173106-86-102,Nilgiris,ITC Donkey Clinics,EmmaRayner,Equine assessment form 1,Donkey,krishnagiri,No,20,stallion,3y to 10y,pack,4h to 8h,4,no,5,other,,other,good,3,healthy,alert,normal,no occ,no nasal,no vulvpen disch,absent,no diarr,cheek norm,,no heat stroke,no,other(none),,,not lame,,
Oct,03/10/2016,5:31 PM,26/04/2017 15:12,12.45583277,78.21241325,E-031016173156-86-103,Nilgiris,ITC Donkey Clinics,EmmaRayner,Equine assessment form 1,Donkey,krishnagiri,No,20,stallion,3y to 10y,pack,4h to 8h,4,no,5,other,,other,good,3,healthy,alert,normal,no occ,no nasal,no vulvpen disch,absent,no diarr,cheek norm,,no heat stroke,no,other(none),,,not lame,,
Oct,03/10/2016,5:33 PM,26/04/2017 15:12,12.45581493,78.21245576,E-031016173323-86-104,Nilgiris,ITC Donkey Clinics,EmmaRayner,Equine assessment form 1,Donkey,krishnagiri,No,21,stallion,3y to 10y,pack,4h to 8h,4,no,5,other,,other,good,3,healthy,alert,normal,no occ,no nasal,no vulvpen disch,absent,no diarr,cheek norm,,no heat stroke,no,other(none),,,not lame,,
Oct,03/10/2016,5:36 PM,26/04/2017 15:12,12.45581515,78.21247441,E-031016173653-86-105,Nilgiris,ITC Donkey Clinics,EmmaRayner,Equine assessment form 1,Donkey,krishnagiri,No,21,stallion,3y to 10y,pack,4h to 8h,4,no,5,other,,other,good,3,healthy,alert,normal,no occ,no nasal,no vulvpen disch,absent,no diarr,cheek norm,,no heat stroke,no,other(none),,,not lame,,
Oct,03/10/2016,5:37 PM,26/04/2017 15:12,12.45581696,78.21247234,E-031016173736-86-106,Nilgiris,ITC Donkey Clinics,EmmaRayner,Equine assessment form 1,Donkey,krishnagiri,No,21,gelding,3y to 10y,pack,4h to 8h,4,no,5,other,,other,good,3,healthy,alert,normal,no occ,no nasal,no vulvpen disch,absent,no diarr,cheek norm,,no heat stroke,yes lesions,other(none),D-031016173320-86-48,,not lame,,
Oct,03/10/2016,5:40 PM,26/04/2017 15:12,12.45581722,78.21246983,E-031016174019-86-107,Nilgiris,ITC Donkey Clinics,EmmaRayner,Equine assessment form 1,Donkey,krishnagiri,No,21,gelding,3y to 10y,pack,4h to 8h,4,no,5,other,,other,good,1,healthy,alert,normal,no occ,no nasal,no vulvpen disch,absent,no diarr,cheek norm,,no heat stroke,yes lesions,other(none),D-031016174059-86-49,,not lame,,
Oct,03/10/2016,5:41 PM,27/04/2017 17:36,12.28911558,78.03428145,E-031016174131-86-108,Nilgiris,ITC Donkey Clinics,EmmaRayner,Equine assessment form 1,Donkey,krishnagiri,No,22,stallion,3y to 10y,pack,4h to 8h,2,no,5,"vacc,worming",,wounds,,2,unhealthy,alert,mild,no occ,no nasal,no vulvpen disch,absent,no diarr,cheek norm,,yes heat stroke,yes lesions,ivermec,D-270417101515-86-50,,not lame,,
Oct,03/10/2016,5:50 PM,26/04/2017 15:12,12.3546855,78.26478389,E-031016175035-86-59,Nilgiris,ITC Donkey Clinics,EmmaRayner,Equine assessment form 1,Donkey,krishnagiri,No,10,stallion,3y to 10y,pack,less than 4h,1,no,6,"vacc,worming",,other,good,3,healthy,alert,normal,no occ,no nasal,no vulvpen disch,absent,no diarr,cheek norm,,no heat stroke,no,ivermec,,,not lame,,
Oct,03/10/2016,5:52 PM,26/04/2017 15:12,12.35464694,78.26476993,E-031016175222-86-60,Nilgiris,ITC Donkey Clinics,EmmaRayner,Equine assessment form 1,Donkey,krishnagiri,No,10,stallion,6m to 3y,pack,less than 4h,1,no,6,"vacc,worming",,other,good,3,healthy,alert,normal,no occ,no nasal,no vulvpen disch,absent,no diarr,cheek norm,,no heat stroke,no,ivermec,,,not lame,,
Oct,03/10/2016,5:52 PM,26/04/2017 15:12,12.35464613,78.26475862,E-031016175259-86-61,Nilgiris,ITC Donkey Clinics,EmmaRayner,Equine assessment form 1,Donkey,krishnagiri,No,10,stallion,3y to 10y,pack,less than 4h,1,no,6,worming,,other,good,3,healthy,alert,normal,no occ,no nasal,no vulvpen disch,absent,no diarr,cheek norm,,no heat stroke,no,ivermec,,,not lame,,
Oct,03/10/2016,5:53 PM,26/04/2017 15:12,12.35463725,78.26476184,E-031016175353-86-62,Nilgiris,ITC Donkey Clinics,EmmaRayner,Equine assessment form 1,Donkey,krishnagiri,No,10,stallion,6m to 3y,pack,less than 4h,1,no,6,worming,,other,good,3,healthy,alert,normal,no occ,no nasal,no vulvpen disch,absent,no diarr,cheek norm,,no heat stroke,no,ivermec,,,not lame,,
Oct,03/10/2016,5:54 PM,26/04/2017 15:12,12.35463417,78.26476106,E-031016175434-86-63,Nilgiris,ITC Donkey Clinics,EmmaRayner,Equine assessment form 1,Donkey,krishnagiri,No,10,stallion,6m to 3y,pack,less than 4h,1,no,6,worming,,other,good,3,healthy,alert,normal,no occ,no nasal,no vulvpen disch,absent,no diarr,cheek norm,,no heat stroke,no,ivermec,,,not lame,,
Oct,03/10/2016,5:57 PM,26/04/2017 15:12,12.44964776,78.2041956,E-031016175733-86-64,Nilgiris,ITC Donkey Clinics,EmmaRayner,Equine assessment form 1,Donkey,krishnagiri,No,12,stallion,3y to 10y,pack,4h to 8h,4,no,5,"vacc,worming",,other,good,3,healthy,alert,normal,no occ,no nasal,no vulvpen disch,absent,no diarr,cheek norm,,no heat stroke,no,ivermec,,,not lame,,
Apr,24/04/2017,10:09 AM,25/04/2017 06:31,11.3749928,76.7570594,E-240417100931-86-3,Nilgiris,ITC Donkey Clinics,EmmaRayner,Equine assessment form 1,Donkey,ooty,No,1,stallion,3y to 10y,pack,4h to 8h,1,no,1hour,"worming,tx",,wounds,,3,healthy,alert,normal,no occ,no nasal,no vulvpen disch,absent,no diarr,cheek norm,,no heat stroke,yes lesions,ivermec,"D-250417075831-86-1,D-250417080134-86-2",,not lame,,
Apr,25/04/2017,8:00 AM,25/04/2017 06:31,11.3749928,76.7570594,E-250417080010-86-2,Nilgiris,ITC Donkey Clinics,EmmaRayner,Equine assessment form 1,Donkey,ooty,No,1,stallion,3y to 10y,pack,4h to 8h,1,no,1,worming,,"lameness,worms",,3,healthy,alert,normal,no occ,no nasal,no vulvpen disch,absent,no diarr,cheek norm,,no heat stroke,yes lesions,ivermec,D-250417080835-86-3,,not lame,,
Apr,25/04/2017,8:10 AM,25/04/2017 06:31,11.3749928,76.7570594,E-250417081011-86-3,Nilgiris,ITC Donkey Clinics,EmmaRayner,Equine assessment form 1,Donkey,ooty,No,1,mare,3y to 10y,pack,4h to 8h,1,no,1,"worming,other",,wounds,,3,healthy,alert,normal,no occ,no nasal,no vulvpen disch,absent,no diarr,cheek norm,,no heat stroke,yes lesions,ivermec,D-250417081403-86-4,,not lame,,
Apr,25/04/2017,8:16 AM,25/04/2017 06:31,11.3749928,76.7570594,E-250417081603-86-4,Nilgiris,ITC Donkey Clinics,EmmaRayner,Equine assessment form 1,Donkey,ooty,No,1,mare,3y to 10y,pack,less than 4h,1,no,1,worming,,other,mutilation,3,healthy,alert,normal,no occ,no nasal,no vulvpen disch,absent,no diarr,cheek norm,,no heat stroke,yes lesions,ivermec,D-250417081956-86-5,,not lame,,
Apr,25/04/2017,8:21 AM,25/04/2017 06:31,11.3749928,76.7570594,E-250417082151-86-5,Nilgiris,ITC Donkey Clinics,EmmaRayner,Equine assessment form 1,Donkey,ooty,No,1,mare,3y to 10y,pack,4h to 8h,1,no,1,worming,,other,mutilation,3,healthy,alert,normal,no occ,no nasal,no vulvpen disch,absent,no diarr,cheek norm,,no heat stroke,yes lesions,ivermec,"D-250417082519-86-6,D-250417082636-86-7",,not lame,,
Apr,25/04/2017,8:27 AM,25/04/2017 06:31,11.3749928,76.7570594,E-250417082723-86-6,Nilgiris,ITC Donkey Clinics,EmmaRayner,Equine assessment form 1,Donkey,ooty,No,1,mare,6m to 3y,pack,4h to 8h,1,no,1,worming,,other,healthy,3,healthy,alert,normal,no occ,no nasal,no vulvpen disch,absent,no diarr,cheek norm,,no heat stroke,yes lesions,ivermec,"D-250417082956-86-8,D-250417083043-86-9,D-250417083246-86-10",,not lame,,
Apr,25/04/2017,8:34 AM,25/04/2017 06:31,11.3749928,76.7570594,E-250417083421-86-7,Nilgiris,ITC Donkey Clinics,EmmaRayner,Equine assessment form 1,Donkey,ooty,No,1,preg mare,3y to 10y,pack,less than 4h,0,no,full rest,other,study,other,corneal opacity,3,healthy,alert,normal,yes occ,no nasal,no vulvpen disch,absent,no diarr,cheek norm,,no heat stroke,no,other(no tx),,,not lame,,
Apr,25/04/2017,8:37 AM,25/04/2017 06:31,11.3749928,76.7570594,E-250417083726-86-8,Nilgiris,ITC Donkey Clinics,EmmaRayner,Equine assessment form 1,Donkey,ooty,No,1,stallion,6m to 3y,pack,less than 4h,1,no,1,worming,,"wounds,worms",,3,healthy,alert,normal,no occ,no nasal,no vulvpen disch,absent,no diarr,cheek norm,,no heat stroke,yes lesions,ivermec,"D-250417084216-86-11,D-250417084250-86-12,D-250417084348-86-13",,not lame,,
Apr,25/04/2017,8:44 AM,25/04/2017 06:31,11.3749928,76.7570594,E-250417084443-86-9,Nilgiris,ITC Donkey Clinics,EmmaRayner,Equine assessment form 1,Donkey,ooty,No,,stallion,6m to 3y,pack,less than 4h,1,no,1,worming,,other,alopecia,3,healthy,alert,normal,no occ,no nasal,no vulvpen disch,absent,no diarr,cheek norm,,no heat stroke,yes lesions,ivermec,D-250417085245-86-14,,not lame,,
Apr,25/04/2017,8:53 AM,25/04/2017 06:31,11.3749928,76.7570594,E-250417085333-86-10,Nilgiris,ITC Donkey Clinics,EmmaRayner,Equine assessment form 1,Donkey,ooty,No,,mare,3y to 10y,pack,less than 4h,1,no,1,worming,,lameness,,3,healthy,alert,normal,no occ,no nasal,no vulvpen disch,absent,no diarr,cheek norm,,no heat stroke,no,"ivermec,other(trimming)",,,yes lame(RH),moderate,
Apr,25/04/2017,8:55 AM,25/04/2017 06:31,11.3749928,76.7570594,E-250417085559-86-11,Nilgiris,ITC Donkey Clinics,EmmaRayner,Equine assessment form 1,Donkey,ooty,No,,mare,6m to 3y,pack,less than 4h,0,no,full rest,worming,,lameness,,3,healthy,alert,normal,no occ,no nasal,no vulvpen disch,absent,no diarr,cheek norm,,no heat stroke,no,ivermec,,,yes lame(RH),moderate,
Apr,25/04/2017,8:58 AM,25/04/2017 06:31,11.3749928,76.7570594,E-250417085804-86-12,Nilgiris,ITC Donkey Clinics,EmmaRayner,Equine assessment form 1,Donkey,ooty,No,,mare,3y to 10y,pack,less than 4h,0,no,full rest,other,stydy,other,mutilation,3,healthy,alert,normal,no occ,no nasal,no vulvpen disch,absent,no diarr,cheek norm,,no heat stroke,yes lesions,other(no tx),D-250417090122-86-15,,not lame,,
Apr,25/04/2017,9:01 AM,25/04/2017 06:31,11.3749928,76.7570594,E-250417090153-86-13,Nilgiris,ITC Donkey Clinics,EmmaRayner,Equine assessment form 1,Donkey,ooty,No,1,mare,3y to 10y,pack,less than 4h,1,no,1,worming,,other,no,3,healthy,alert,normal,no occ,no nasal,no vulvpen disch,absent,no diarr,cheek norm,,no heat stroke,yes lesions,ivermec,,,not lame,,
Apr,25/04/2017,9:07 AM,25/04/2017 06:31,11.3749928,76.7570594,E-250417090722-86-14,Nilgiris,ITC Donkey Clinics,EmmaRayner,Equine assessment form 1,Donkey,ooty,No,1,mare,3y to 10y,pack,less than 4h,1,no,1,worming,,other,healthy,3,healthy,alert,normal,no occ,no nasal,no vulvpen disch,absent,no diarr,cheek norm,,no heat stroke,yes lesions,ivermec,D-250417090515-86-17,,not lame,,
Apr,25/04/2017,10:28 AM,26/04/2017 15:12,12.32090081,78.28072429,E-250417102827-86-15,Nilgiris,ITC Donkey Clinics,EmmaRayner,Equine assessment form 1,Donkey,krishnagiri,No,2,stallion,6m to 3y,pack,4h to 8h,1,no,5,worming,,other,good,3,healthy,alert,normal,no occ,no nasal,no vulvpen disch,absent,no diarr,cheek norm,,no heat stroke,no,ivermec,,,not lame,,
Apr,27/04/2017,10:15 AM,27/04/2017 17:36,12.28911404,78.03437508,E-270417101543-86-109,Nilgiris,ITC Donkey Clinics,EmmaRayner,Equine assessment form 1,Donkey,krishnagiri,No,22,stallion,3y to 10y,pack,4h to 8h,2,no,5,"vacc,worming",,other,good,3,healthy,alert,normal,no occ,no nasal,no vulvpen disch,absent,no diarr,cheek norm,,no heat stroke,no,ivermec,,,not lame,,
Apr,27/04/2017,10:17 AM,27/04/2017 17:36,12.28911888,78.03437935,E-270417101706-86-110,Nilgiris,ITC Donkey Clinics,EmmaRayner,Equine assessment form 1,Donkey,krishnagiri,No,22,stallion,3y to 10y,pack,4h to 8h,2,no,4,"vacc,worming",,wounds,,2,healthy,alert,mild,no occ,no nasal,no vulvpen disch,absent,no diarr,cheek norm,,no heat stroke,no,ivermec,,,not lame,,
Apr,27/04/2017,10:18 AM,27/04/2017 17:36,12.28911618,78.03445602,E-270417101833-86-111,Nilgiris,ITC Donkey Clinics,EmmaRayner,Equine assessment form 1,Donkey,krishnagiri,No,22,stallion,3y to 10y,pack,4h to 8h,2,no,4,"vacc,worming",,wounds,,2,unhealthy,alert,mild,no occ,no nasal,no vulvpen disch,absent,no diarr,cheek norm,,no heat stroke,yes lesions,ivermec,"D-270417101939-86-51,D-270417102028-86-52",,not lame,,
Apr,27/04/2017,10:21 AM,27/04/2017 17:36,12.28920458,78.03448703,E-270417102111-86-112,Nilgiris,ITC Donkey Clinics,EmmaRayner,Equine assessment form 1,Donkey,krishnagiri,No,22,stallion,6m to 3y,pack,4h to 8h,2,no,4,"vacc,worming",,other,good,3,healthy,alert,normal,no occ,no nasal,no vulvpen disch,absent,no diarr,cheek norm,,no heat stroke,no,ivermec,,,not lame,,
Apr,27/04/2017,10:22 AM,27/04/2017 17:36,12.28917872,78.03447285,E-270417102222-86-113,Nilgiris,ITC Donkey Clinics,EmmaRayner,Equine assessment form 1,Donkey,krishnagiri,No,22,stallion,3y to 10y,pack,4h to 8h,2,no,4,"vacc,worming",,wounds,,3,healthy,alert,normal,no occ,no nasal,no vulvpen disch,absent,no diarr,cheek norm,,no heat stroke,yes lesions,ivermec,"D-270417102216-86-53,D-270417102652-86-54",,not lame,,
Apr,27/04/2017,10:27 AM,27/04/2017 17:36,12.28892247,78.03410003,E-270417102719-86-114,Nilgiris,ITC Donkey Clinics,EmmaRayner,Equine assessment form 1,Donkey,krishnagiri,No,23,stallion,3y to 10y,pack,4h to 8h,2,no,4,worming,,wounds,,3,healthy,alert,normal,no occ,no nasal,no vulvpen disch,absent,no diarr,cheek norm,,no heat stroke,yes lesions,ivermec,D-270417104235-86-55,,not lame,,
Apr,27/04/2017,10:43 AM,27/04/2017 17:36,12.28891803,78.03410379,E-270417104321-86-115,Nilgiris,ITC Donkey Clinics,EmmaRayner,Equine assessment form 1,Donkey,krishnagiri,No,23,stallion,3y to 10y,pack,4h to 8h,2,no,4,worming,,other,good,3,healthy,alert,normal,no occ,no nasal,no vulvpen disch,absent,no diarr,cheek norm,,no heat stroke,no,ivermec,,,not lame,,
Apr,27/04/2017,10:44 AM,27/04/2017 17:36,12.28892206,78.03409603,E-270417104412-86-116,Nilgiris,ITC Donkey Clinics,EmmaRayner,Equine assessment form 1,Donkey,krishnagiri,No,23,stallion,3y to 10y,pack,4h to 8h,2,no,4,worming,,wounds,,3,healthy,alert,normal,no occ,no nasal,no vulvpen disch,absent,no diarr,cheek norm,,yes heat stroke,yes lesions,ivermec,D-270417104515-86-56,,not lame,,
Apr,27/04/2017,10:46 AM,27/04/2017 17:36,12.28891084,78.03408834,E-270417104625-86-117,Nilgiris,ITC Donkey Clinics,EmmaRayner,Equine assessment form 1,Donkey,krishnagiri,No,23,stallion,3y to 10y,pack,4h to 8h,2,no,4,worming,,other,good,3,healthy,alert,normal,no occ,no nasal,no vulvpen disch,absent,no diarr,cheek norm,,no heat stroke,no,ivermec,,,not lame,,
Apr,27/04/2017,10:47 AM,27/04/2017 17:36,12.28890963,78.03409058,E-270417104746-86-118,Nilgiris,ITC Donkey Clinics,EmmaRayner,Equine assessment form 1,Donkey,krishnagiri,No,24,stallion,3y to 10y,pack,4h to 8h,2,no,5,worming,,"wounds,lameness",,3,unhealthy,depressed,mild,yes occ,no nasal,no vulvpen disch,absent,no diarr,cheek norm,,yes heat stroke,yes lesions,"antibiotic,NSAIDs,ivermec","D-270417104911-86-57,D-270417104951-86-58,D-270417105030-86-59,D-270417105110-86-60",,"yes lame(LH),yes lame(RH)",moderate,
Apr,27/04/2017,10:51 AM,27/04/2017 17:36,12.28896393,78.0340742,E-270417105145-86-119,Nilgiris,ITC Donkey Clinics,EmmaRayner,Equine assessment form 1,Donkey,krishnagiri,No,24,stallion,3y to 10y,pack,4h to 8h,2,no,4,worming,,wounds,,3,healthy,alert,normal,no occ,no nasal,no vulvpen disch,absent,no diarr,cheek norm,,no heat stroke,no,ivermec,,,not lame,,
Apr,27/04/2017,10:53 AM,27/04/2017 17:36,12.28896349,78.03402358,E-270417105323-86-120,Nilgiris,ITC Donkey Clinics,EmmaRayner,Equine assessment form 1,Donkey,krishnagiri,No,24,stallion,3y to 10y,pack,4h to 8h,2,no,4,worming,,other,good,3,healthy,alert,normal,no occ,no nasal,no vulvpen disch,absent,no diarr,cheek norm,,no heat stroke,no,ivermec,,,not lame,,
Apr,27/04/2017,10:54 AM,27/04/2017 17:36,12.28898726,78.03406051,E-270417105458-86-121,Nilgiris,ITC Donkey Clinics,EmmaRayner,Equine assessment form 1,Donkey,krishnagiri,No,24,stallion,3y to 10y,pack,4h to 8h,2,no,4,worming,,other,good,3,healthy,alert,normal,no occ,no nasal,no vulvpen disch,absent,no diarr,cheek norm,,no heat stroke,no,ivermec,,,not lame,,
Apr,27/04/2017,11:01 AM,27/04/2017 17:36,12.30126806,77.98586422,E-270417110110-86-122,Nilgiris,ITC Donkey Clinics,EmmaRayner,Equine assessment form 1,Donkey,krishnagiri,No,25,stallion,3y to 10y,pack,4h to 8h,4,no,4,worming,,other,good,3,healthy,alert,normal,no occ,no nasal,no vulvpen disch,absent,no diarr,cheek norm,,no heat stroke,no,ivermec,,,not lame,,
Apr,27/04/2017,11:38 AM,27/04/2017 17:36,12.30110779,77.98563952,E-270417113815-86-123,Nilgiris,ITC Donkey Clinics,EmmaRayner,Equine assessment form 1,Donkey,krishnagiri,No,25,gelding,3y to 10y,pack,4h to 8h,4,no,5,worming,,other,good,3,healthy,alert,normal,no occ,no nasal,yes vulvpen disch,absent,no diarr,cheek norm,,no heat stroke,yes lesions,ivermec,D-270417113954-86-61,,not lame,,
Apr,27/04/2017,11:40 AM,27/04/2017 17:36,12.30147252,77.98370276,E-270417114027-86-124,Nilgiris,ITC Donkey Clinics,EmmaRayner,Equine assessment form 1,Donkey,krishnagiri,No,25,stallion,3y to 10y,pack,4h to 8h,4,no,5,worming,,other,good,3,healthy,alert,normal,no occ,no nasal,no vulvpen disch,absent,no diarr,cheek norm,,no heat stroke,no,ivermec,,,not lame,,
Apr,27/04/2017,11:41 AM,27/04/2017 17:36,12.30176783,77.98279848,E-270417114137-86-125,Nilgiris,ITC Donkey Clinics,EmmaRayner,Equine assessment form 1,Donkey,krishnagiri,No,25,stallion,3y to 10y,pack,4h to 8h,4,no,5,worming,,other,good,3,healthy,alert,normal,no occ,no nasal,no vulvpen disch,absent,no diarr,cheek norm,,no heat stroke,no,ivermec,D-270417114312-86-62,,not lame,,
Apr,27/04/2017,11:44 AM,27/04/2017 17:36,12.30000402,77.98352953,E-270417114400-86-126,Nilgiris,ITC Donkey Clinics,EmmaRayner,Equine assessment form 1,Donkey,krishnagiri,No,26,stallion,3y to 10y,pack,4h to 8h,1,no,5,worming,,other,good,3,healthy,alert,normal,no occ,yes nasal,no vulvpen disch,absent,no diarr,cheek norm,,no heat stroke,no,ivermec,,,not lame,,
Apr,27/04/2017,12:10 PM,27/04/2017 17:36,12.29997165,77.98352408,E-270417121045-86-127,Nilgiris,ITC Donkey Clinics,EmmaRayner,Equine assessment form 1,Donkey,krishnagiri,No,26,stallion,3y to 10y,pack,4h to 8h,1,no,5,worming,,other,good,3,healthy,alert,normal,no occ,no nasal,no vulvpen disch,absent,no diarr,cheek norm,,no heat stroke,no,ivermec,,,not lame,,
Apr,27/04/2017,12:11 PM,27/04/2017 17:36,12.29996036,77.98352267,E-270417121159-86-128,Nilgiris,ITC Donkey Clinics,EmmaRayner,Equine assessment form 1,Donkey,krishnagiri,No,26,stallion,3y to 10y,pack,4h to 8h,1,no,5,worming,,other,good,3,healthy,alert,normal,no occ,no nasal,no vulvpen disch,absent,no diarr,cheek norm,,no heat stroke,no,ivermec,,,not lame,,
Apr,27/04/2017,12:13 PM,27/04/2017 17:36,12.29995684,77.98352824,E-270417121317-86-129,Nilgiris,ITC Donkey Clinics,EmmaRayner,Equine assessment form 1,Donkey,krishnagiri,No,26,stallion,3y to 10y,pack,4h to 8h,1,no,5,worming,,other,good,3,healthy,alert,normal,no occ,no nasal,no vulvpen disch,absent,no diarr,cheek norm,,no heat stroke,no,ivermec,,,not lame,,
Apr,27/04/2017,12:14 PM,27/04/2017 17:36,12.31406648,77.94468576,E-270417121442-86-130,Nilgiris,ITC Donkey Clinics,EmmaRayner,Equine assessment form 1,Donkey,krishnagiri,No,27,stallion,3y to 10y,pack,4h to 8h,4,no,6,"vacc,worming",,other,good,3,healthy,alert,normal,no occ,no nasal,no vulvpen disch,absent,no diarr,cheek norm,,no heat stroke,no,ivermec,,,not lame,,
Apr,27/04/2017,12:56 PM,27/04/2017 17:36,12.31403906,77.94472378,E-270417125628-86-131,Nilgiris,ITC Donkey Clinics,EmmaRayner,Equine assessment form 1,Donkey,krishnagiri,No,27,stallion,3y to 10y,pack,4h to 8h,4,no,5,"vacc,worming",,other,good,3,healthy,alert,normal,no occ,no nasal,no vulvpen disch,absent,no diarr,cheek norm,,no heat stroke,no,ivermec,,,not lame,,
Apr,27/04/2017,12:57 PM,27/04/2017 17:36,12.3140441,77.94470721,E-270417125728-86-132,Nilgiris,ITC Donkey Clinics,EmmaRayner,Equine assessment form 1,Donkey,krishnagiri,No,27,stallion,6m to 3y,pack,4h to 8h,4,no,5,"vacc,worming",,other,good,3,unhealthy,alert,normal,no occ,no nasal,no vulvpen disch,absent,no diarr,cheek norm,,no heat stroke,no,ivermec,,,not lame,,
Apr,27/04/2017,12:58 PM,27/04/2017 17:36,12.31406253,77.94469553,E-270417125836-86-133,Nilgiris,ITC Donkey Clinics,EmmaRayner,Equine assessment form 1,Donkey,krishnagiri,No,27,stallion,6m to 3y,pack,4h to 8h,4,no,6,worming,,other,good,3,healthy,alert,mild,no occ,no nasal,no vulvpen disch,absent,no diarr,cheek norm,,no heat stroke,no,ivermec,,,not lame,,
Apr,27/04/2017,12:59 PM,27/04/2017 17:36,12.31405944,77.94470254,E-270417125929-86-134,Nilgiris,ITC Donkey Clinics,EmmaRayner,Equine assessment form 1,Donkey,krishnagiri,No,27,stallion,3y to 10y,pack,4h to 8h,4,no,5,worming,,other,good,3,healthy,alert,normal,no occ,no nasal,no vulvpen disch,absent,no diarr,cheek norm,,yes heat stroke,no,ivermec,,,not lame,,
Apr,27/04/2017,1:00 PM,27/04/2017 17:36,12.31400151,77.94485322,E-270417130049-86-135,Nilgiris,ITC Donkey Clinics,EmmaRayner,Equine assessment form 1,Donkey,krishnagiri,No,27,stallion,3y to 10y,pack,4h to 8h,4,no,5,worming,,other,good,3,unhealthy,alert,mild,no occ,no nasal,no vulvpen disch,absent,no diarr,cheek norm,,no heat stroke,no,ivermec,,,not lame,,
Apr,27/04/2017,1:02 PM,27/04/2017 17:36,12.3140088,77.94491808,E-270417130201-86-136,Nilgiris,ITC Donkey Clinics,EmmaRayner,Equine assessment form 1,Donkey,krishnagiri,No,27,stallion,3y to 10y,pack,4h to 8h,4,no,6,worming,,other,good,3,healthy,alert,normal,no occ,no nasal,no vulvpen disch,absent,no diarr,cheek norm,,no heat stroke,yes lesions,ivermec,D-270417125625-86-63,,not lame,,
Apr,27/04/2017,1:04 PM,27/04/2017 17:36,12.31402509,77.94476988,E-270417130434-86-137,Nilgiris,ITC Donkey Clinics,EmmaRayner,Equine assessment form 1,Donkey,krishnagiri,No,27,stallion,6m to 3y,pack,4h to 8h,4,no,6,worming,,other,good,3,healthy,alert,normal,no occ,no nasal,no vulvpen disch,absent,no diarr,cheek norm,,no heat stroke,no,ivermec,,,not lame,,
Apr,27/04/2017,1:05 PM,27/04/2017 17:36,12.31409252,77.94462023,E-270417130558-86-138,Nilgiris,ITC Donkey Clinics,EmmaRayner,Equine assessment form 1,Donkey,krishnagiri,No,27,stallion,3y to 10y,pack,4h to 8h,4,no,6,"vacc,worming",,other,good,3,healthy,alert,normal,no occ,no nasal,no vulvpen disch,absent,no diarr,cheek norm,,no heat stroke,no,ivermec,,,not lame,,
Apr,27/04/2017,1:06 PM,27/04/2017 17:36,12.31406118,77.94458142,E-270417130647-86-139,Nilgiris,ITC Donkey Clinics,EmmaRayner,Equine assessment form 1,Donkey,krishnagiri,No,27,stallion,3y to 10y,pack,4h to 8h,4,no,6,"vacc,worming",,other,good,3,healthy,alert,normal,no occ,no nasal,no vulvpen disch,absent,no diarr,cheek norm,,no heat stroke,no,ivermec,,,not lame,,
Apr,27/04/2017,1:08 PM,27/04/2017 17:36,12.31394651,77.94478597,E-270417130835-86-140,Nilgiris,ITC Donkey Clinics,EmmaRayner,Equine assessment form 1,Donkey,krishnagiri,No,27,stallion,3y to 10y,pack,4h to 8h,4,no,6,worming,,other,good,3,healthy,alert,normal,no occ,no nasal,no vulvpen disch,absent,no diarr,cheek norm,,no heat stroke,no,ivermec,,,not lame,,
Apr,27/04/2017,1:10 PM,27/04/2017 17:36,12.2887777,78.03415976,E-270417131020-86-141,Nilgiris,ITC Donkey Clinics,EmmaRayner,Equine assessment form 1,Donkey,krishnagiri,No,28,stallion,3y to 10y,pack,4h to 8h,4,no,5,"vacc,worming",,lameness,,3,unhealthy,alert,mild,no occ,no nasal,no vulvpen disch,absent,no diarr,cheek norm,,no heat stroke,no,"NSAIDs,ivermec",,,"yes lame(LF),yes lame(RH)",moderate,
Apr,27/04/2017,2:27 PM,27/04/2017 17:36,12.28878228,78.03416491,E-270417142729-86-142,Nilgiris,ITC Donkey Clinics,EmmaRayner,Equine assessment form 1,Donkey,krishnagiri,No,28,stallion,3y to 10y,pack,4h to 8h,4,no,5,"vacc,worming",,other,good,3,healthy,alert,normal,no occ,no nasal,no vulvpen disch,absent,no diarr,cheek norm,,no heat stroke,no,ivermec,,,not lame,,
Apr,27/04/2017,2:28 PM,27/04/2017 17:36,12.28878392,78.03416407,E-270417142832-86-143,Nilgiris,ITC Donkey Clinics,EmmaRayner,Equine assessment form 1,Donkey,krishnagiri,No,28,stallion,3y to 10y,pack,4h to 8h,4,no,5,"vacc,worming",,other,good,3,healthy,alert,normal,no occ,no nasal,no vulvpen disch,absent,no diarr,cheek norm,,no heat stroke,no,ivermec,,,not lame,,
Apr,27/04/2017,2:29 PM,27/04/2017 17:36,12.28869458,78.03418791,E-270417142959-86-144,Nilgiris,ITC Donkey Clinics,EmmaRayner,Equine assessment form 1,Donkey,krishnagiri,No,28,stallion,3y to 10y,pack,4h to 8h,4,no,5,worming,,other,good,3,healthy,alert,normal,no occ,no nasal,no vulvpen disch,absent,no diarr,cheek norm,,no heat stroke,yes lesions,ivermec,D-270417130430-86-64,,not lame,,
Apr,27/04/2017,2:33 PM,27/04/2017 17:36,12.28879353,78.03414822,E-270417143305-86-145,Nilgiris,ITC Donkey Clinics,EmmaRayner,Equine assessment form 1,Donkey,krishnagiri,No,29,stallion,3y to 10y,pack,4h to 8h,7,no,5,"vacc,worming",,other,good,3,unhealthy,alert,mild,no occ,no nasal,no vulvpen disch,absent,no diarr,cheek norm,,no heat stroke,no,ivermec,,,not lame,,
Apr,27/04/2017,2:34 PM,27/04/2017 17:36,12.28863687,78.03417675,E-270417143424-86-146,Nilgiris,ITC Donkey Clinics,EmmaRayner,Equine assessment form 1,Donkey,krishnagiri,No,29,stallion,3y to 10y,pack,8h to 12h,7,no,5,worming,,skin dz,,2,unhealthy,alert,normal,no occ,no nasal,no vulvpen disch,absent,no diarr,cheek norm,,yes heat stroke,no,ivermec,,,not lame,,
Apr,27/04/2017,2:35 PM,27/04/2017 17:36,12.28869635,78.03418259,E-270417143515-86-147,Nilgiris,ITC Donkey Clinics,EmmaRayner,Equine assessment form 1,Donkey,krishnagiri,No,29,stallion,3y to 10y,pack,4h to 8h,7,no,5,worming,,other,good,2,unhealthy,alert,normal,no occ,no nasal,no vulvpen disch,absent,no diarr,cheek norm,,yes heat stroke,no,ivermec,,,not lame,,
Apr,27/04/2017,2:36 PM,27/04/2017 17:36,12.28868449,78.03413277,E-270417143622-86-148,Nilgiris,ITC Donkey Clinics,EmmaRayner,Equine assessment form 1,Donkey,krishnagiri,No,30,stallion,3y to 10y,pack,4h to 8h,4,no,5,"vacc,worming",,wounds,,3,healthy,alert,normal,no occ,no nasal,no vulvpen disch,absent,no diarr,cheek norm,,no heat stroke,no,ivermec,,,not lame,,
Apr,27/04/2017,2:39 PM,27/04/2017 17:36,12.28886416,78.0341112,E-270417143929-86-149,Nilgiris,ITC Donkey Clinics,EmmaRayner,Equine assessment form 1,Donkey,krishnagiri,No,30,stallion,3y to 10y,pack,4h to 8h,4,no,5,worming,,other,good,3,healthy,alert,normal,no occ,no nasal,no vulvpen disch,absent,no diarr,cheek norm,,no heat stroke,yes lesions,ivermec,D-270417144106-86-65,,not lame,,
Apr,27/04/2017,2:41 PM,27/04/2017 17:36,12.28881316,78.03408548,E-270417144154-86-150,Nilgiris,ITC Donkey Clinics,EmmaRayner,Equine assessment form 1,Donkey,krishnagiri,No,30,stallion,3y to 10y,pack,4h to 8h,4,no,5,worming,,"lameness,skin dz,nutrition",,1,unhealthy,depressed,mild,no occ,no nasal,no vulvpen disch,absent,no diarr,cheek norm,,yes heat stroke,yes lesions,"antibiotic,NSAIDs,ivermec",D-270417144333-86-66,,yes lame(LF),mild,
Apr,27/04/2017,2:44 PM,27/04/2017 17:36,12.28885201,78.0340746,E-270417144426-86-151,Nilgiris,ITC Donkey Clinics,EmmaRayner,Equine assessment form 1,Donkey,krishnagiri,No,24,stallion,3y to 10y,pack,4h to 8h,4,no,5,worming,,wounds,,3,healthy,alert,normal,no occ,no nasal,no vulvpen disch,absent,no diarr,cheek norm,,no heat stroke,yes lesions,ivermec,D-270417144523-86-67,,not lame,,
Apr,27/04/2017,2:45 PM,27/04/2017 17:36,12.28886315,78.03408497,E-270417144545-86-152,Nilgiris,ITC Donkey Clinics,EmmaRayner,Equine assessment form 1,Donkey,krishnagiri,No,30,stallion,3y to 10y,pack,4h to 8h,4,no,5,"vacc,worming",,other,good,3,healthy,alert,normal,no occ,no nasal,no vulvpen disch,absent,no diarr,cheek norm,,yes heat stroke,no,ivermec,,,not lame,,
Apr,27/04/2017,3:07 PM,27/04/2017 17:36,12.28882763,78.03413249,E-270417150744-86-153,Nilgiris,ITC Donkey Clinics,EmmaRayner,Equine assessment form 1,Donkey,krishnagiri,No,30,stallion,3y to 10y,pack,4h to 8h,4,yes,5,worming,,other,good,3,healthy,alert,mild,no occ,no nasal,no vulvpen disch,absent,no diarr,cheek norm,,yes heat stroke,no,ivermec,,,not lame,,
Apr,27/04/2017,3:09 PM,27/04/2017 17:36,12.28884657,78.03410394,E-270417150959-86-154,Nilgiris,ITC Donkey Clinics,EmmaRayner,Equine assessment form 1,Donkey,krishnagiri,No,31,stallion,6m to 3y,pack,4h to 8h,7,no,6,worming,,other,good,2,unhealthy,alert,normal,no occ,no nasal,no vulvpen disch,absent,no diarr,cheek norm,,yes heat stroke,yes lesions,ivermec,D-270417151134-86-68,,not lame,,
Apr,27/04/2017,3:12 PM,27/04/2017 17:36,12.28884175,78.03411589,E-270417151231-86-155,Nilgiris,ITC Donkey Clinics,EmmaRayner,Equine assessment form 1,Donkey,krishnagiri,No,31,stallion,3y to 10y,pack,4h to 8h,7,no,6,worming,,other,good,3,healthy,alert,normal,no occ,no nasal,no vulvpen disch,absent,no diarr,cheek norm,,yes heat stroke,yes lesions,ivermec,D-270417151317-86-69,,not lame,,
Apr,27/04/2017,3:14 PM,27/04/2017 17:36,12.28884781,78.03412275,E-270417151443-86-156,Nilgiris,ITC Donkey Clinics,EmmaRayner,Equine assessment form 1,Donkey,krishnagiri,No,30,stallion,3y to 10y,pack,4h to 8h,4,no,5,worming,,wounds,,2,unhealthy,alert,normal,no occ,no nasal,no vulvpen disch,absent,no diarr,cheek norm,,yes heat stroke,yes lesions,ivermec,D-270417151609-86-70,,not lame,,
Apr,27/04/2017,3:16 PM,27/04/2017 17:36,12.28883793,78.0341414,E-270417151645-86-157,Nilgiris,ITC Donkey Clinics,EmmaRayner,Equine assessment form 1,Donkey,krishnagiri,No,24,stallion,3y to 10y,pack,4h to 8h,4,no,5,worming,,wounds,,3,unhealthy,depressed,mild,no occ,no nasal,no vulvpen disch,absent,no diarr,cheek norm,,no heat stroke,yes lesions,ivermec,"D-270417151743-86-71,D-270417151817-86-72",,not lame,,
Apr,27/04/2017,3:18 PM,27/04/2017 17:36,12.28881658,78.03416168,E-270417151850-86-158,Nilgiris,ITC Donkey Clinics,EmmaRayner,Equine assessment form 1,Donkey,krishnagiri,No,24,stallion,3y to 10y,pack,4h to 8h,4,no,5,worming,,other,good,2,unhealthy,alert,normal,no occ,no nasal,no vulvpen disch,absent,no diarr,cheek norm,,no heat stroke,yes lesions,ivermec,,,not lame,,
Apr,27/04/2017,3:20 PM,27/04/2017 17:36,12.28884201,78.03419384,E-270417152035-86-159,Nilgiris,ITC Donkey Clinics,EmmaRayner,Equine assessment form 1,Donkey,krishnagiri,No,24,stallion,3y to 10y,pack,4h to 8h,4,no,6,worming,,other,good,3,unhealthy,alert,normal,no occ,no nasal,no vulvpen disch,absent,no diarr,cheek norm,,no heat stroke,yes lesions,ivermec,D-270417151934-86-73,,not lame,,
Apr,27/04/2017,3:22 PM,27/04/2017 17:36,12.2888701,78.03413132,E-270417152215-86-160,Nilgiris,ITC Donkey Clinics,EmmaRayner,Equine assessment form 1,Donkey,krishnagiri,No,30,stallion,3y to 10y,pack,4h to 8h,7,no,5,worming,,wounds,,2,unhealthy,alert,mild,no occ,no nasal,no vulvpen disch,absent,no diarr,cheek norm,,no heat stroke,yes lesions,ivermec,D-270417152207-86-74,,not lame,,
Apr,27/04/2017,3:25 PM,27/04/2017 17:36,12.28884805,78.03405319,E-270417152501-86-161,Nilgiris,ITC Donkey Clinics,EmmaRayner,Equine assessment form 1,Donkey,krishnagiri,No,32,stallion,3y to 10y,pack,4h to 8h,7,no,4,"vacc,worming",,lameness,,3,healthy,alert,normal,no occ,no nasal,no vulvpen disch,absent,no diarr,cheek norm,,no heat stroke,no,"NSAIDs,ivermec",,,yes lame(LH),mild,
Apr,27/04/2017,3:29 PM,27/04/2017 17:36,12.30226452,77.98240665,E-270417152927-86-162,Nilgiris,ITC Donkey Clinics,EmmaRayner,Equine assessment form 1,Donkey,krishnagiri,No,32,stallion,3y to 10y,pack,4h to 8h,4,no,5,worming,,other,good,3,healthy,alert,normal,no occ,no nasal,no vulvpen disch,absent,no diarr,cheek norm,,no heat stroke,yes lesions,ivermec,D-270417165511-86-75,,not lame,,
Apr,27/04/2017,4:55 PM,27/04/2017 17:36,12.30160078,77.98286923,E-270417165548-86-163,Nilgiris,ITC Donkey Clinics,EmmaRayner,Equine assessment form 1,Donkey,krishnagiri,No,32,stallion,3y to 10y,pack,4h to 8h,4,no,5,worming,,other,good,3,healthy,alert,normal,no occ,no nasal,no vulvpen disch,absent,no diarr,cheek norm,,no heat stroke,no,ivermec,,,not lame,,
Apr,27/04/2017,4:57 PM,27/04/2017 17:36,12.29966694,77.99044778,E-270417165758-86-164,Nilgiris,ITC Donkey Clinics,EmmaRayner,Equine assessment form 1,Donkey,krishnagiri,No,32,stallion,6m to 3y,pack,4h to 8h,4,no,5,worming,,other,good,3,healthy,alert,normal,no occ,no nasal,no vulvpen disch,absent,no diarr,cheek norm,,no heat stroke,no,ivermec,,,not lame,,
Apr,27/04/2017,5:01 PM,27/04/2017 17:36,12.29200114,77.99918301,E-270417170110-86-165,Nilgiris,ITC Donkey Clinics,EmmaRayner,Equine assessment form 1,Donkey,krishnagiri,No,32,stallion,3y to 10y,pack,4h to 8h,4,no,5,worming,,other,good,3,healthy,alert,normal,no occ,no nasal,no vulvpen disch,absent,no diarr,cheek norm,,no heat stroke,no,ivermec,,,not lame,,
Apr,27/04/2017,5:02 PM,27/04/2017 17:36,12.25033206,78.00506438,E-270417170201-86-166,Nilgiris,ITC Donkey Clinics,EmmaRayner,Equine assessment form 1,Donkey,krishnagiri,No,33,stallion,3y to 10y,pack,4h to 8h,4,no,5,"vacc,worming",,other,good,3,healthy,alert,normal,no occ,no nasal,no vulvpen disch,absent,no diarr,cheek norm,,no heat stroke,yes lesions,ivermec,D-270417172135-86-76,,not lame,,
Apr,27/04/2017,5:22 PM,27/04/2017 17:36,12.25034718,78.00498935,E-270417172206-86-167,Nilgiris,ITC Donkey Clinics,EmmaRayner,Equine assessment form 1,Donkey,krishnagiri,No,33,stallion,3y to 10y,pack,4h to 8h,4,no,5,"vacc,worming",,other,good,3,healthy,alert,normal,no occ,no nasal,no vulvpen disch,absent,no diarr,cheek norm,,no heat stroke,yes lesions,ivermec,D-270417172247-86-77,,not lame,,
Apr,27/04/2017,5:23 PM,27/04/2017 17:36,12.25027938,78.00506207,E-270417172309-86-168,Nilgiris,ITC Donkey Clinics,EmmaRayner,Equine assessment form 1,Donkey,krishnagiri,No,33,stallion,3y to 10y,pack,4h to 8h,4,no,,"vacc,worming",,other,good,3,unhealthy,alert,normal,no occ,no nasal,no vulvpen disch,absent,no diarr,cheek norm,,no heat stroke,yes lesions,ivermec,"D-270417172355-86-78,D-270417172425-86-79",,not lame,,
Apr,27/04/2017,5:24 PM,27/04/2017 17:36,12.25025548,78.00505183,E-270417172447-86-169,Nilgiris,ITC Donkey Clinics,EmmaRayner,Equine assessment form 1,Donkey,krishnagiri,No,,gelding,3y to 10y,pack,4h to 8h,4,no,5,"vacc,worming",,other,good,3,healthy,alert,normal,no occ,no nasal,no vulvpen disch,absent,no diarr,cheek norm,,no heat stroke,yes lesions,ivermec,D-270417172557-86-80,,not lame,,
Apr,27/04/2017,5:27 PM,27/04/2017 17:36,12.25037172,78.00509252,E-270417172716-86-170,Nilgiris,ITC Donkey Clinics,EmmaRayner,Equine assessment form 1,Donkey,krishnagiri,No,33,stallion,3y to 10y,pack,4h to 8h,4,no,5,"vacc,worming",,other,good,3,healthy,alert,normal,no occ,no nasal,no vulvpen disch,absent,no diarr,cheek norm,,no heat stroke,no,ivermec,,,not lame,,
Apr,27/04/2017,5:28 PM,27/04/2017 17:36,12.23095466,78.00870664,E-270417172803-86-171,Nilgiris,ITC Donkey Clinics,EmmaRayner,Equine assessment form 1,Donkey,krishnagiri,No,34,stallion,3y to 10y,pack,4h to 8h,4,no,5,"vacc,worming",,wounds,,3,unhealthy,alert,normal,no occ,no nasal,no vulvpen disch,absent,no diarr,cheek norm,,no heat stroke,yes lesions,ivermec,D-270417174453-86-81,,not lame,,
Apr,27/04/2017,5:45 PM,27/04/2017 17:36,12.23073731,78.00854702,E-270417174550-86-172,Nilgiris,ITC Donkey Clinics,EmmaRayner,Equine assessment form 1,Donkey,krishnagiri,No,34,stallion,3y to 10y,pack,4h to 8h,4,no,5,worming,,wounds,,3,healthy,alert,normal,no occ,no nasal,no vulvpen disch,absent,no diarr,cheek norm,,no heat stroke,yes lesions,ivermec,D-270417174816-86-82,,not lame,,
Apr,27/04/2017,5:48 PM,27/04/2017 17:36,12.23087962,78.00878476,E-270417174848-86-173,Nilgiris,ITC Donkey Clinics,EmmaRayner,Equine assessment form 1,Donkey,krishnagiri,No,34,stallion,3y to 10y,pack,4h to 8h,4,no,5,"vacc,worming",,wounds,,3,healthy,alert,normal,no occ,no nasal,no vulvpen disch,absent,no diarr,cheek norm,,no heat stroke,yes lesions,ivermec,D-270417174934-86-83,,not lame,,
Apr,27/04/2017,5:49 PM,27/04/2017 17:36,12.23089216,78.00876441,E-270417174957-86-174,Nilgiris,ITC Donkey Clinics,EmmaRayner,Equine assessment form 1,Donkey,krishnagiri,No,34,stallion,6m to 3y,pack,4h to 8h,4,no,5,worming,,wounds,,3,healthy,alert,normal,no occ,no nasal,no vulvpen disch,absent,no diarr,cheek norm,,no heat stroke,yes lesions,ivermec,D-270417175039-86-84,,not lame,,
Apr,27/04/2017,5:51 PM,27/04/2017 17:36,12.23081606,78.00879171,E-270417175100-86-175,Nilgiris,ITC Donkey Clinics,EmmaRayner,Equine assessment form 1,Donkey,krishnagiri,No,34,stallion,6m to 3y,pack,4h to 8h,4,no,5,worming,,wounds,,3,healthy,alert,normal,yes occ,no nasal,no vulvpen disch,absent,no diarr,cheek norm,,no heat stroke,no,ivermec,,,not lame,,
Apr,27/04/2017,6:09 PM,27/04/2017 17:36,12.23082574,78.00879671,E-270417180923-86-176,Nilgiris,ITC Donkey Clinics,EmmaRayner,Equine assessment form 1,Donkey,krishnagiri,No,34,stallion,3y to 10y,pack,4h to 8h,4,no,5,worming,,wounds,,3,unhealthy,alert,normal,no occ,no nasal,no vulvpen disch,absent,no diarr,cheek norm,,no heat stroke,yes lesions,ivermec,D-270417181018-86-85,,not lame,,
Apr,27/04/2017,6:10 PM,27/04/2017 17:36,12.23085261,78.00879938,E-270417181045-86-177,Nilgiris,ITC Donkey Clinics,EmmaRayner,Equine assessment form 1,Donkey,krishnagiri,No,34,stallion,3y to 10y,pack,4h to 8h,4,no,5,worming,,wounds,,3,healthy,alert,normal,no occ,no nasal,no vulvpen disch,absent,no diarr,cheek norm,,no heat stroke,yes lesions,ivermec,"D-270417181153-86-86,D-270417181235-86-87",,not lame,,
Apr,27/04/2017,6:12 PM,27/04/2017 17:36,12.2386462,78.01065093,E-270417181257-86-178,Nilgiris,ITC Donkey Clinics,EmmaRayner,Equine assessment form 1,Donkey,krishnagiri,No,35,stallion,6m to 3y,pack,4h to 8h,4,no,5,worming,,wounds,,3,healthy,alert,normal,no occ,no nasal,no vulvpen disch,absent,no diarr,cheek norm,,no heat stroke,yes lesions,ivermec,D-270417182436-86-88,,not lame,,
Apr,27/04/2017,6:24 PM,27/04/2017 17:36,12.23863714,78.01065132,E-270417182458-86-179,Nilgiris,ITC Donkey Clinics,EmmaRayner,Equine assessment form 1,Donkey,krishnagiri,No,35,stallion,3y to 10y,pack,4h to 8h,4,no,5,worming,,other,good,3,healthy,alert,normal,no occ,no nasal,no vulvpen disch,absent,no diarr,cheek norm,,no heat stroke,no,ivermec,,,not lame,,
Apr,27/04/2017,6:26 PM,27/04/2017 17:36,12.23889155,78.0107248,E-270417182644-86-180,Nilgiris,ITC Donkey Clinics,EmmaRayner,Equine assessment form 1,Donkey,krishnagiri,No,35,stallion,3y to 10y,pack,4h to 8h,4,no,5,worming,,wounds,,2,healthy,alert,normal,no occ,no nasal,no vulvpen disch,absent,no diarr,cheek norm,,no heat stroke,yes lesions,ivermec,D-270417182802-86-89,,not lame,,
Apr,27/04/2017,6:28 PM,27/04/2017 17:36,12.23885856,78.01069251,E-270417182849-86-181,Nilgiris,ITC Donkey Clinics,EmmaRayner,Equine assessment form 1,Donkey,krishnagiri,No,35,stallion,3y to 10y,pack,4h to 8h,4,no,5,worming,,other,good,3,healthy,alert,normal,no occ,no nasal,no vulvpen disch,absent,no diarr,cheek norm,,no heat stroke,no,ivermec,,,not lame,,
Apr,27/04/2017,6:30 PM,29/04/2017 04:24,12.45074352,78.21677731,E-270417183023-86-182,Nilgiris,ITC Donkey Clinics,EmmaRayner,Equine assessment form 1,Donkey,krishnagiri,No,36,stallion,3y to 10y,pack,4h to 8h,7,no,6,worming,,other,good,3,healthy,alert,normal,no occ,no nasal,no vulvpen disch,absent,no diarr,cheek norm,,no heat stroke,no,ivermec,,,not lame,,
Apr,28/04/2017,10:10 AM,29/04/2017 04:24,12.45084293,78.21667236,E-280417101002-86-183,Nilgiris,ITC Donkey Clinics,EmmaRayner,Equine assessment form 1,Donkey,krishnagiri,No,36,stallion,3y to 10y,pack,4h to 8h,7,no,6,worming,,other,good,3,healthy,alert,normal,no occ,no nasal,no vulvpen disch,absent,no diarr,cheek norm,,no heat stroke,no,ivermec,,,not lame,,
Apr,28/04/2017,10:10 AM,29/04/2017 04:24,12.4508674,78.21668281,E-280417101043-86-184,Nilgiris,ITC Donkey Clinics,EmmaRayner,Equine assessment form 1,Donkey,krishnagiri,No,36,stallion,6m to 3y,pack,4h to 8h,7,no,6,worming,,other,good,3,healthy,alert,normal,no occ,no nasal,no vulvpen disch,absent,no diarr,cheek norm,,no heat stroke,no,ivermec,,,not lame,,
Apr,28/04/2017,10:11 AM,29/04/2017 04:24,12.45086252,78.2166825,E-280417101137-86-185,Nilgiris,ITC Donkey Clinics,EmmaRayner,Equine assessment form 1,Donkey,krishnagiri,No,36,stallion,3y to 10y,pack,4h to 8h,7,no,6,worming,,other,good,3,healthy,alert,normal,no occ,no nasal,no vulvpen disch,absent,no diarr,cheek norm,,no heat stroke,no,ivermec,,,not lame,,
Apr,28/04/2017,10:13 AM,29/04/2017 04:24,12.45029671,78.21653435,E-280417101311-86-186,Nilgiris,ITC Donkey Clinics,EmmaRayner,Equine assessment form 1,Donkey,krishnagiri,No,36,stallion,3y to 10y,pack,4h to 8h,7,no,6,worming,,other,good,3,healthy,alert,normal,no occ,no nasal,no vulvpen disch,absent,no diarr,cheek norm,,no heat stroke,no,ivermec,,,not lame,,
Apr,28/04/2017,10:14 AM,29/04/2017 04:24,12.45539374,78.21589873,E-280417101415-86-187,Nilgiris,ITC Donkey Clinics,EmmaRayner,Equine assessment form 1,Donkey,krishnagiri,No,37,stallion,3y to 10y,pack,4h to 8h,7,no,6,other,,other,good,3,unhealthy,alert,normal,no occ,no nasal,no vulvpen disch,absent,no diarr,cheek norm,,no heat stroke,no,ivermec,,,not lame,,
Apr,28/04/2017,10:27 AM,29/04/2017 04:24,12.46291082,78.21337926,E-280417102756-86-188,Nilgiris,ITC Donkey Clinics,EmmaRayner,Equine assessment form 1,Donkey,krishnagiri,No,37,stallion,6m to 3y,pack,4h to 8h,7,no,6,other,,other,good,3,healthy,alert,normal,no occ,no nasal,no vulvpen disch,absent,no diarr,cheek norm,,no heat stroke,no,other(study),,,not lame,,
Apr,28/04/2017,10:28 AM,29/04/2017 04:24,12.46614085,78.2058577,E-280417102847-86-189,Nilgiris,ITC Donkey Clinics,EmmaRayner,Equine assessment form 1,Donkey,krishnagiri,No,37,stallion,3y to 10y,pack,4h to 8h,7,no,6,other,study,other,good,3,healthy,alert,mild,no occ,no nasal,no vulvpen disch,absent,no diarr,cheek norm,,no heat stroke,no,other(study),,,not lame,,
Apr,28/04/2017,10:29 AM,29/04/2017 04:24,12.51869629,78.03117839,E-280417102947-86-190,Nilgiris,ITC Donkey Clinics,EmmaRayner,Equine assessment form 1,Donkey,krishnagiri,No,37,mare,3y to 10y,other,4h to 8h,1,no,milking,worming,,other,good,3,healthy,alert,normal,no occ,no nasal,no vulvpen disch,absent,no diarr,cheek norm,,no heat stroke,no,ivermec,,,not lame,,
Apr,28/04/2017,11:26 AM,29/04/2017 04:24,12.51868731,78.03118614,E-280417112609-86-191,Nilgiris,ITC Donkey Clinics,EmmaRayner,Equine assessment form 1,Donkey,krishnagiri,No,38,stallion,less than 6m,other,less than 4h,0,no,foal,worming,,skin dz,,3,unhealthy,alert,normal,no occ,no nasal,no vulvpen disch,absent,no diarr,cheek norm,,no heat stroke,yes lesions,ivermec,D-280417112732-86-90,,not lame,,
Apr,28/04/2017,11:28 AM,29/04/2017 04:24,12.51869473,78.03121793,E-280417112844-86-192,Nilgiris,ITC Donkey Clinics,EmmaRayner,Equine assessment form 1,Donkey,krishnagiri,No,38,mare,3y to 10y,other,less than 4h,1,no,milking,"vacc,worming",,other,good,3,healthy,alert,normal,no occ,no nasal,no vulvpen disch,absent,no diarr,cheek norm,,no heat stroke,no,ivermec,,,not lame,,
Apr,28/04/2017,11:30 AM,29/04/2017 04:24,12.5186622,78.03113442,E-280417113029-86-193,Nilgiris,ITC Donkey Clinics,EmmaRayner,Equine assessment form 1,Donkey,krishnagiri,No,38,mare,3y to 10y,other,less than 4h,1,no,milking,worming,,other,good,3,healthy,alert,normal,no occ,no nasal,no vulvpen disch,absent,no diarr,cheek norm,,no heat stroke,no,ivermec,,,not lame,,
Apr,28/04/2017,11:33 AM,29/04/2017 04:24,12.46075539,77.94297633,E-280417113315-86-194,Nilgiris,ITC Donkey Clinics,EmmaRayner,Equine assessment form 1,Donkey,krishnagiri,No,40,stallion,3y to 10y,pack,4h to 8h,2,no,5,other,,other,good,3,healthy,alert,normal,no occ,no nasal,no vulvpen disch,absent,no diarr,cheek norm,,no heat stroke,no,other(study),,,not lame,,
Apr,28/04/2017,12:57 PM,29/04/2017 04:24,12.46022578,77.94460988,E-280417125747-86-195,Nilgiris,ITC Donkey Clinics,EmmaRayner,Equine assessment form 1,Donkey,krishnagiri,No,40,stallion,6m to 3y,pack,4h to 8h,2,no,5,other,study,other,good,3,healthy,alert,normal,no occ,no nasal,no vulvpen disch,absent,no diarr,cheek norm,,no heat stroke,no,other(study),,,not lame,,
Apr,28/04/2017,12:59 PM,29/04/2017 04:24,12.4602523,77.94514324,E-280417125901-86-196,Nilgiris,ITC Donkey Clinics,EmmaRayner,Equine assessment form 1,Donkey,krishnagiri,No,40,stallion,3y to 10y,pack,4h to 8h,2,no,5,other,study,other,good,3,healthy,alert,mild,no occ,no nasal,no vulvpen disch,absent,no diarr,cheek norm,,no heat stroke,no,other(study),,,not lame,,
Apr,28/04/2017,1:00 PM,29/04/2017 04:24,12.46023506,77.94514057,E-280417130045-86-197,Nilgiris,ITC Donkey Clinics,EmmaRayner,Equine assessment form 1,Donkey,krishnagiri,No,40,stallion,3y to 10y,pack,4h to 8h,2,no,5,other,study,other,good,3,healthy,alert,normal,no occ,no nasal,no vulvpen disch,absent,no diarr,cheek norm,,no heat stroke,no,other(study),,,not lame,,
Apr,28/04/2017,1:01 PM,29/04/2017 04:24,12.46023819,77.94513276,E-280417130150-86-198,Nilgiris,ITC Donkey Clinics,EmmaRayner,Equine assessment form 1,Donkey,krishnagiri,No,41,stallion,3y to 10y,pack,4h to 8h,2,no,5,other,study,other,good,3,healthy,alert,normal,yes occ,no nasal,no vulvpen disch,absent,no diarr,cheek norm,,no heat stroke,no,other(study),,,not lame,,
Apr,28/04/2017,1:03 PM,29/04/2017 04:24,12.46023874,77.94512681,E-280417130311-86-199,Nilgiris,ITC Donkey Clinics,EmmaRayner,Equine assessment form 1,Donkey,krishnagiri,No,41,stallion,3y to 10y,pack,4h to 8h,2,no,5,other,study,other,good,3,healthy,alert,normal,no occ,no nasal,no vulvpen disch,absent,no diarr,cheek norm,,no heat stroke,no,other(study),,,not lame,,
Apr,28/04/2017,1:04 PM,29/04/2017 04:24,12.46023735,77.94512786,E-280417130419-86-200,Nilgiris,ITC Donkey Clinics,EmmaRayner,Equine assessment form 1,Donkey,krishnagiri,No,41,stallion,3y to 10y,pack,4h to 8h,2,no,5,other,study,other,good,3,healthy,alert,mild,no occ,no nasal,no vulvpen disch,absent,no diarr,cheek norm,,yes heat stroke,no,other(study),,,not lame,,
Apr,28/04/2017,1:05 PM,29/04/2017 04:24,12.46023624,77.94512958,E-280417130503-86-201,Nilgiris,ITC Donkey Clinics,EmmaRayner,Equine assessment form 1,Donkey,krishnagiri,No,44,stallion,3y to 10y,pack,4h to 8h,2,no,5,other,study,other,good,3,healthy,alert,normal,no occ,no nasal,no vulvpen disch,absent,no diarr,cheek norm,,no heat stroke,no,other(study),,,not lame,,
Apr,28/04/2017,1:05 PM,29/04/2017 04:24,12.46023406,77.94513294,E-280417130549-86-202,Nilgiris,ITC Donkey Clinics,EmmaRayner,Equine assessment form 1,Donkey,krishnagiri,No,44,stallion,3y to 10y,pack,4h to 8h,2,no,5,other,study,other,good,3,healthy,alert,normal,no occ,no nasal,no vulvpen disch,absent,no diarr,cheek norm,,yes heat stroke,no,other(study),,,not lame,,
